t,r,m,value
1820,EU27,Zn,0.0
1820,EU27,Ni,0.0
1820,EU27,Sn,0.0
1820,CHN,Zn,0.0
1820,CHN,Ni,0.0
1820,CHN,Sn,0.0
1820,ROW,Zn,0.0
1820,ROW,Ni,0.0
1820,ROW,Sn,0.0
1821,EU27,Zn,0.0
1821,EU27,Ni,0.0
1821,EU27,Sn,0.0
1821,CHN,Zn,0.0
1821,CHN,Ni,0.0
1821,CHN,Sn,0.0
1821,ROW,Zn,0.0
1821,ROW,Ni,0.0
1821,ROW,Sn,0.0
1822,EU27,Zn,0.0
1822,EU27,Ni,0.0
1822,EU27,Sn,0.0
1822,CHN,Zn,0.0
1822,CHN,Ni,0.0
1822,CHN,Sn,0.0
1822,ROW,Zn,0.0
1822,ROW,Ni,0.0
1822,ROW,Sn,0.0
1823,EU27,Zn,0.0
1823,EU27,Ni,0.0
1823,EU27,Sn,0.0
1823,CHN,Zn,0.0
1823,CHN,Ni,0.0
1823,CHN,Sn,0.0
1823,ROW,Zn,0.0
1823,ROW,Ni,0.0
1823,ROW,Sn,0.0
1824,EU27,Zn,0.0
1824,EU27,Ni,0.0
1824,EU27,Sn,0.0
1824,CHN,Zn,0.0
1824,CHN,Ni,0.0
1824,CHN,Sn,0.0
1824,ROW,Zn,0.0
1824,ROW,Ni,0.0
1824,ROW,Sn,0.0
1825,EU27,Zn,0.0
1825,EU27,Ni,0.0
1825,EU27,Sn,0.0
1825,CHN,Zn,0.0
1825,CHN,Ni,0.0
1825,CHN,Sn,0.0
1825,ROW,Zn,0.0
1825,ROW,Ni,0.0
1825,ROW,Sn,0.0
1826,EU27,Zn,0.0
1826,EU27,Ni,0.0
1826,EU27,Sn,0.0
1826,CHN,Zn,0.0
1826,CHN,Ni,0.0
1826,CHN,Sn,0.0
1826,ROW,Zn,0.0
1826,ROW,Ni,0.0
1826,ROW,Sn,0.0
1827,EU27,Zn,0.0
1827,EU27,Ni,0.0
1827,EU27,Sn,0.0
1827,CHN,Zn,0.0
1827,CHN,Ni,0.0
1827,CHN,Sn,0.0
1827,ROW,Zn,0.0
1827,ROW,Ni,0.0
1827,ROW,Sn,0.0
1828,EU27,Zn,0.0
1828,EU27,Ni,0.0
1828,EU27,Sn,0.0
1828,CHN,Zn,0.0
1828,CHN,Ni,0.0
1828,CHN,Sn,0.0
1828,ROW,Zn,0.0
1828,ROW,Ni,0.0
1828,ROW,Sn,0.0
1829,EU27,Zn,0.0
1829,EU27,Ni,0.0
1829,EU27,Sn,0.0
1829,CHN,Zn,0.0
1829,CHN,Ni,0.0
1829,CHN,Sn,0.0
1829,ROW,Zn,0.0
1829,ROW,Ni,0.0
1829,ROW,Sn,0.0
1830,EU27,Zn,0.0
1830,EU27,Ni,0.0
1830,EU27,Sn,0.0
1830,CHN,Zn,0.0
1830,CHN,Ni,0.0
1830,CHN,Sn,0.0
1830,ROW,Zn,0.0
1830,ROW,Ni,0.0
1830,ROW,Sn,0.0
1831,EU27,Zn,0.0
1831,EU27,Ni,0.0
1831,EU27,Sn,0.0
1831,CHN,Zn,0.0
1831,CHN,Ni,0.0
1831,CHN,Sn,0.0
1831,ROW,Zn,0.0
1831,ROW,Ni,0.0
1831,ROW,Sn,0.0
1832,EU27,Zn,0.0
1832,EU27,Ni,0.0
1832,EU27,Sn,0.0
1832,CHN,Zn,0.0
1832,CHN,Ni,0.0
1832,CHN,Sn,0.0
1832,ROW,Zn,0.0
1832,ROW,Ni,0.0
1832,ROW,Sn,0.0
1833,EU27,Zn,0.0
1833,EU27,Ni,0.0
1833,EU27,Sn,0.0
1833,CHN,Zn,0.0
1833,CHN,Ni,0.0
1833,CHN,Sn,0.0
1833,ROW,Zn,0.0
1833,ROW,Ni,0.0
1833,ROW,Sn,0.0
1834,EU27,Zn,0.0
1834,EU27,Ni,0.0
1834,EU27,Sn,0.0
1834,CHN,Zn,0.0
1834,CHN,Ni,0.0
1834,CHN,Sn,0.0
1834,ROW,Zn,0.0
1834,ROW,Ni,0.0
1834,ROW,Sn,0.0
1835,EU27,Zn,0.0
1835,EU27,Ni,0.0
1835,EU27,Sn,0.0
1835,CHN,Zn,0.0
1835,CHN,Ni,0.0
1835,CHN,Sn,0.0
1835,ROW,Zn,0.0
1835,ROW,Ni,0.0
1835,ROW,Sn,0.0
1836,EU27,Zn,0.0
1836,EU27,Ni,0.0
1836,EU27,Sn,0.0
1836,CHN,Zn,0.0
1836,CHN,Ni,0.0
1836,CHN,Sn,0.0
1836,ROW,Zn,0.0
1836,ROW,Ni,0.0
1836,ROW,Sn,0.0
1837,EU27,Zn,0.0
1837,EU27,Ni,0.0
1837,EU27,Sn,0.0
1837,CHN,Zn,0.0
1837,CHN,Ni,0.0
1837,CHN,Sn,0.0
1837,ROW,Zn,0.0
1837,ROW,Ni,0.0
1837,ROW,Sn,0.0
1838,EU27,Zn,0.0
1838,EU27,Ni,0.0
1838,EU27,Sn,0.0
1838,CHN,Zn,0.0
1838,CHN,Ni,0.0
1838,CHN,Sn,0.0
1838,ROW,Zn,0.0
1838,ROW,Ni,0.0
1838,ROW,Sn,0.0
1839,EU27,Zn,0.0
1839,EU27,Ni,0.0
1839,EU27,Sn,0.0
1839,CHN,Zn,0.0
1839,CHN,Ni,0.0
1839,CHN,Sn,0.0
1839,ROW,Zn,0.0
1839,ROW,Ni,0.0
1839,ROW,Sn,0.0
1840,EU27,Zn,0.0
1840,EU27,Ni,0.0
1840,EU27,Sn,0.0
1840,CHN,Zn,0.0
1840,CHN,Ni,0.0
1840,CHN,Sn,0.0
1840,ROW,Zn,0.0
1840,ROW,Ni,0.0
1840,ROW,Sn,0.0
1841,EU27,Zn,0.0
1841,EU27,Ni,0.0
1841,EU27,Sn,0.0
1841,CHN,Zn,0.0
1841,CHN,Ni,0.0
1841,CHN,Sn,0.0
1841,ROW,Zn,0.0
1841,ROW,Ni,0.0
1841,ROW,Sn,0.0
1842,EU27,Zn,0.0
1842,EU27,Ni,0.0
1842,EU27,Sn,0.0
1842,CHN,Zn,0.0
1842,CHN,Ni,0.0
1842,CHN,Sn,0.0
1842,ROW,Zn,0.0
1842,ROW,Ni,0.0
1842,ROW,Sn,0.0
1843,EU27,Zn,0.0
1843,EU27,Ni,0.0
1843,EU27,Sn,0.0
1843,CHN,Zn,0.0
1843,CHN,Ni,0.0
1843,CHN,Sn,0.0
1843,ROW,Zn,0.0
1843,ROW,Ni,0.0
1843,ROW,Sn,0.0
1844,EU27,Zn,0.0
1844,EU27,Ni,0.0
1844,EU27,Sn,0.0
1844,CHN,Zn,0.0
1844,CHN,Ni,0.0
1844,CHN,Sn,0.0
1844,ROW,Zn,0.0
1844,ROW,Ni,0.0
1844,ROW,Sn,0.0
1845,EU27,Zn,0.0
1845,EU27,Ni,0.0
1845,EU27,Sn,0.0
1845,CHN,Zn,0.0
1845,CHN,Ni,0.0
1845,CHN,Sn,0.0
1845,ROW,Zn,0.0
1845,ROW,Ni,0.0
1845,ROW,Sn,0.0
1846,EU27,Zn,0.0
1846,EU27,Ni,0.0
1846,EU27,Sn,0.0
1846,CHN,Zn,0.0
1846,CHN,Ni,0.0
1846,CHN,Sn,0.0
1846,ROW,Zn,0.0
1846,ROW,Ni,0.0
1846,ROW,Sn,0.0
1847,EU27,Zn,0.0
1847,EU27,Ni,0.0
1847,EU27,Sn,0.0
1847,CHN,Zn,0.0
1847,CHN,Ni,0.0
1847,CHN,Sn,0.0
1847,ROW,Zn,0.0
1847,ROW,Ni,0.0
1847,ROW,Sn,0.0
1848,EU27,Zn,0.0
1848,EU27,Ni,0.0
1848,EU27,Sn,0.0
1848,CHN,Zn,0.0
1848,CHN,Ni,0.0
1848,CHN,Sn,0.0
1848,ROW,Zn,0.0
1848,ROW,Ni,0.0
1848,ROW,Sn,0.0
1849,EU27,Zn,0.0
1849,EU27,Ni,0.0
1849,EU27,Sn,0.0
1849,CHN,Zn,0.0
1849,CHN,Ni,0.0
1849,CHN,Sn,0.0
1849,ROW,Zn,0.0
1849,ROW,Ni,0.0
1849,ROW,Sn,0.0
1850,EU27,Zn,0.0
1850,EU27,Ni,0.0
1850,EU27,Sn,0.0
1850,CHN,Zn,0.0
1850,CHN,Ni,0.0
1850,CHN,Sn,0.0
1850,ROW,Zn,0.0
1850,ROW,Ni,0.0
1850,ROW,Sn,0.0
1851,EU27,Zn,0.0
1851,EU27,Ni,0.0
1851,EU27,Sn,0.0
1851,CHN,Zn,0.0
1851,CHN,Ni,0.0
1851,CHN,Sn,0.0
1851,ROW,Zn,0.0
1851,ROW,Ni,0.0
1851,ROW,Sn,0.0
1852,EU27,Zn,0.0
1852,EU27,Ni,0.0
1852,EU27,Sn,0.0
1852,CHN,Zn,0.0
1852,CHN,Ni,0.0
1852,CHN,Sn,0.0
1852,ROW,Zn,0.0
1852,ROW,Ni,0.0
1852,ROW,Sn,0.0
1853,EU27,Zn,0.0
1853,EU27,Ni,0.0
1853,EU27,Sn,0.0
1853,CHN,Zn,0.0
1853,CHN,Ni,0.0
1853,CHN,Sn,0.0
1853,ROW,Zn,0.0
1853,ROW,Ni,0.0
1853,ROW,Sn,0.0
1854,EU27,Zn,0.0
1854,EU27,Ni,0.0
1854,EU27,Sn,0.0
1854,CHN,Zn,0.0
1854,CHN,Ni,0.0
1854,CHN,Sn,0.0
1854,ROW,Zn,0.0
1854,ROW,Ni,0.0
1854,ROW,Sn,0.0
1855,EU27,Zn,0.0
1855,EU27,Ni,0.0
1855,EU27,Sn,0.0
1855,CHN,Zn,0.0
1855,CHN,Ni,0.0
1855,CHN,Sn,0.0
1855,ROW,Zn,0.0
1855,ROW,Ni,0.0
1855,ROW,Sn,0.0
1856,EU27,Zn,0.0
1856,EU27,Ni,0.0
1856,EU27,Sn,0.0
1856,CHN,Zn,0.0
1856,CHN,Ni,0.0
1856,CHN,Sn,0.0
1856,ROW,Zn,0.0
1856,ROW,Ni,0.0
1856,ROW,Sn,0.0
1857,EU27,Zn,0.0
1857,EU27,Ni,0.0
1857,EU27,Sn,0.0
1857,CHN,Zn,0.0
1857,CHN,Ni,0.0
1857,CHN,Sn,0.0
1857,ROW,Zn,0.0
1857,ROW,Ni,0.0
1857,ROW,Sn,0.0
1858,EU27,Zn,0.0
1858,EU27,Ni,0.0
1858,EU27,Sn,0.0
1858,CHN,Zn,0.0
1858,CHN,Ni,0.0
1858,CHN,Sn,0.0
1858,ROW,Zn,0.0
1858,ROW,Ni,0.0
1858,ROW,Sn,0.0
1859,EU27,Zn,0.0
1859,EU27,Ni,0.0
1859,EU27,Sn,0.0
1859,CHN,Zn,0.0
1859,CHN,Ni,0.0
1859,CHN,Sn,0.0
1859,ROW,Zn,0.0
1859,ROW,Ni,0.0
1859,ROW,Sn,0.0
1860,EU27,Zn,0.0
1860,EU27,Ni,0.0
1860,EU27,Sn,0.0
1860,CHN,Zn,0.0
1860,CHN,Ni,0.0
1860,CHN,Sn,0.0
1860,ROW,Zn,0.0
1860,ROW,Ni,0.0
1860,ROW,Sn,0.0
1861,EU27,Zn,0.0
1861,EU27,Ni,0.0
1861,EU27,Sn,0.0
1861,CHN,Zn,0.0
1861,CHN,Ni,0.0
1861,CHN,Sn,0.0
1861,ROW,Zn,0.0
1861,ROW,Ni,0.0
1861,ROW,Sn,0.0
1862,EU27,Zn,0.0
1862,EU27,Ni,0.0
1862,EU27,Sn,0.0
1862,CHN,Zn,0.0
1862,CHN,Ni,0.0
1862,CHN,Sn,0.0
1862,ROW,Zn,0.0
1862,ROW,Ni,0.0
1862,ROW,Sn,0.0
1863,EU27,Zn,0.0
1863,EU27,Ni,0.0
1863,EU27,Sn,0.0
1863,CHN,Zn,0.0
1863,CHN,Ni,0.0
1863,CHN,Sn,0.0
1863,ROW,Zn,0.0
1863,ROW,Ni,0.0
1863,ROW,Sn,0.0
1864,EU27,Zn,0.0
1864,EU27,Ni,0.0
1864,EU27,Sn,0.0
1864,CHN,Zn,0.0
1864,CHN,Ni,0.0
1864,CHN,Sn,0.0
1864,ROW,Zn,0.0
1864,ROW,Ni,0.0
1864,ROW,Sn,0.0
1865,EU27,Zn,0.0
1865,EU27,Ni,0.0
1865,EU27,Sn,0.0
1865,CHN,Zn,0.0
1865,CHN,Ni,0.0
1865,CHN,Sn,0.0
1865,ROW,Zn,0.0
1865,ROW,Ni,0.0
1865,ROW,Sn,0.0
1866,EU27,Zn,0.0
1866,EU27,Ni,0.0
1866,EU27,Sn,0.0
1866,CHN,Zn,0.0
1866,CHN,Ni,0.0
1866,CHN,Sn,0.0
1866,ROW,Zn,0.0
1866,ROW,Ni,0.0
1866,ROW,Sn,0.0
1867,EU27,Zn,0.0
1867,EU27,Ni,0.0
1867,EU27,Sn,0.0
1867,CHN,Zn,0.0
1867,CHN,Ni,0.0
1867,CHN,Sn,0.0
1867,ROW,Zn,0.0
1867,ROW,Ni,0.0
1867,ROW,Sn,0.0
1868,EU27,Zn,0.0
1868,EU27,Ni,0.0
1868,EU27,Sn,0.0
1868,CHN,Zn,0.0
1868,CHN,Ni,0.0
1868,CHN,Sn,0.0
1868,ROW,Zn,0.0
1868,ROW,Ni,0.0
1868,ROW,Sn,0.0
1869,EU27,Zn,0.0
1869,EU27,Ni,0.0
1869,EU27,Sn,0.0
1869,CHN,Zn,0.0
1869,CHN,Ni,0.0
1869,CHN,Sn,0.0
1869,ROW,Zn,0.0
1869,ROW,Ni,0.0
1869,ROW,Sn,0.0
1870,EU27,Zn,0.0
1870,EU27,Ni,0.0
1870,EU27,Sn,0.0
1870,CHN,Zn,0.0
1870,CHN,Ni,0.0
1870,CHN,Sn,0.0
1870,ROW,Zn,0.0
1870,ROW,Ni,0.013160833333333306
1870,ROW,Sn,0.0
1871,EU27,Zn,0.0
1871,EU27,Ni,0.0
1871,EU27,Sn,0.0
1871,CHN,Zn,0.3302049760755299
1871,CHN,Ni,0.0
1871,CHN,Sn,1.0333143722941562
1871,ROW,Zn,20.11639646552561
1871,ROW,Ni,0.032675493350804594
1871,ROW,Sn,17.042910408123326
1872,EU27,Zn,0.0
1872,EU27,Ni,0.0
1872,EU27,Sn,0.0
1872,CHN,Zn,1.8319538311143644
1872,CHN,Ni,0.0
1872,CHN,Sn,3.1046387186017794
1872,ROW,Zn,74.27230068353208
1872,ROW,Ni,0.055031082934818114
1872,ROW,Sn,42.593303356622094
1873,EU27,Zn,0.0
1873,EU27,Ni,0.0
1873,EU27,Sn,0.0
1873,CHN,Zn,3.939559283943863
1873,CHN,Ni,0.0
1873,CHN,Sn,5.679587313357691
1873,ROW,Zn,145.35319059213973
1873,ROW,Ni,0.07842224126057096
1873,ROW,Sn,72.08942518582566
1874,EU27,Zn,0.0
1874,EU27,Ni,0.0
1874,EU27,Sn,0.0
1874,CHN,Zn,6.358033670078057
1874,CHN,Ni,0.0
1874,CHN,Sn,8.482209492855628
1874,ROW,Zn,224.49510275083279
1874,ROW,Ni,0.10192845853532116
1874,ROW,Sn,103.18239665520579
1875,EU27,Zn,0.0
1875,EU27,Ni,0.0
1875,EU27,Sn,0.0
1875,CHN,Zn,8.932291650205745
1875,CHN,Ni,0.0
1875,CHN,Sn,11.370032541678349
1875,ROW,Zn,307.09354605931736
1875,ROW,Ni,0.12508749889351575
1875,ROW,Sn,134.66628656205927
1876,EU27,Zn,0.0
1876,EU27,Ni,0.0
1876,EU27,Sn,0.0
1876,CHN,Zn,11.57970483296846
1876,CHN,Ni,0.0
1876,CHN,Sn,14.269559406326977
1876,ROW,Zn,390.74579260018515
1876,ROW,Ni,0.14767422174510902
1876,ROW,Sn,165.92575184002968
1877,EU27,Zn,0.0
1877,EU27,Ni,0.0
1877,EU27,Sn,0.0
1877,CHN,Zn,14.255308958086431
1877,CHN,Ni,0.0
1877,CHN,Sn,17.14296863267617
1877,ROW,Zn,474.18964913571733
1877,ROW,Ni,0.1695859103818942
1877,ROW,Sn,196.6508209147776
1878,EU27,Zn,0.0
1878,EU27,Ni,0.0
1878,EU27,Sn,0.0
1878,CHN,Zn,16.93384206738292
1878,CHN,Ni,0.0
1878,CHN,Sn,19.970918948709045
1878,ROW,Zn,556.7558590493284
1878,ROW,Ni,0.19078282850948597
1878,ROW,Sn,226.68957182324513
1879,EU27,Zn,0.0
1879,EU27,Ni,0.0
1879,EU27,Sn,0.0
1879,CHN,Zn,19.60045955313814
1879,CHN,Ni,0.0
1879,CHN,Sn,22.74366643482703
1879,ROW,Zn,638.0852834920721
1879,ROW,Ni,0.21125741417993363
1879,ROW,Sn,255.97199621485052
1880,EU27,Zn,0.0
1880,EU27,Ni,0.0
1880,EU27,Sn,0.0
1880,CHN,Zn,22.24592351249251
1880,CHN,Ni,0.0
1880,CHN,Sn,25.456472664804018
1880,ROW,Zn,717.9826054802402
1880,ROW,Ni,0.23101832281251283
1880,ROW,Sn,284.47061788902863
1881,EU27,Zn,0.0
1881,EU27,Ni,0.0
1881,EU27,Sn,0.0
1881,CHN,Zn,24.86410033069144
1881,CHN,Ni,0.0
1881,CHN,Sn,28.107228159745574
1881,ROW,Zn,796.3404515415053
1881,ROW,Ni,0.25008216948981465
1881,ROW,Sn,312.1800935272573
1882,EU27,Zn,0.0
1882,EU27,Ni,0.0
1882,EU27,Sn,0.0
1882,CHN,Zn,27.450649967619242
1882,CHN,Ni,0.0
1882,CHN,Sn,30.695219827773847
1882,ROW,Zn,873.0998564178685
1882,ROW,Ni,0.26846926306431806
1882,ROW,Sn,339.1066213966626
1883,EU27,Zn,0.0
1883,EU27,Ni,0.0
1883,EU27,Sn,0.0
1883,CHN,Zn,30.002331339807895
1883,CHN,Ni,0.0
1883,CHN,Sn,33.2204894103274
1883,ROW,Zn,948.2295045084504
1883,ROW,Ni,0.28620140961606405
1883,ROW,Sn,365.2624216001745
1884,EU27,Zn,0.0
1884,EU27,Ni,0.0
1884,EU27,Sn,0.0
1884,CHN,Zn,32.516626975816926
1884,CHN,Ni,0.0
1884,CHN,Sn,35.68349748462347
1884,ROW,Zn,1021.7146900179303
1884,ROW,Ni,0.3033007884037354
1884,ROW,Sn,390.6628420400014
1885,EU27,Zn,0.0
1885,EU27,Ni,0.0
1885,EU27,Sn,0.0
1885,CHN,Zn,34.99153381426989
1885,CHN,Ni,0.0
1885,CHN,Sn,38.08494565021257
1885,ROW,Zn,1093.551323158234
1885,ROW,Ni,0.3197893834151822
1885,ROW,Sn,415.32482663500116
1886,EU27,Zn,0.0
1886,EU27,Ni,0.0
1886,EU27,Sn,0.0
1886,CHN,Zn,37.42544108137107
1886,CHN,Ni,0.0
1886,CHN,Sn,40.42568079525836
1886,ROW,Zn,1163.7425702904097
1886,ROW,Ni,0.33568870250466126
1886,ROW,Sn,439.2660927217676
1887,EU27,Zn,0.0
1887,EU27,Ni,0.0
1887,EU27,Sn,0.0
1887,CHN,Zn,39.81705436949563
1887,CHN,Ni,0.0
1887,CHN,Sn,42.70664212399545
1887,ROW,Zn,1232.2968813189964
1887,ROW,Ni,0.3510196451590449
1887,ROW,Sn,462.5046797313948
1888,EU27,Zn,0.0
1888,EU27,Ni,0.0
1888,EU27,Sn,0.0
1888,CHN,Zn,42.16534472941965
1888,CHN,Ni,0.0
1888,CHN,Sn,44.92883061591929
1888,ROW,Zn,1299.2267586505527
1888,ROW,Ni,0.3658024468551827
1888,ROW,Sn,485.058694008484
1889,EU27,Zn,0.0
1889,EU27,Ni,0.0
1889,EU27,Sn,0.0
1889,CHN,Zn,44.50344199740587
1889,CHN,Ni,0.0
1889,CHN,Sn,47.093290391014826
1889,ROW,Zn,1365.5977547989557
1889,ROW,Ni,0.3800566626708386
1889,ROW,Sn,506.946158749138
1890,EU27,Zn,0.0
1890,EU27,Ni,0.0
1890,EU27,Sn,0.0
1890,CHN,Zn,46.94471106229424
1890,CHN,Ni,0.0
1890,CHN,Sn,49.20109651815561
1890,ROW,Zn,1434.9298067634425
1890,ROW,Ni,0.393801170804586
1890,ROW,Sn,528.184921531707
1891,EU27,Zn,0.0
1891,EU27,Ni,0.0
1891,EU27,Sn,0.0
1891,CHN,Zn,49.371260769210686
1891,CHN,Ni,0.0
1891,CHN,Sn,51.25334641952768
1891,ROW,Zn,1503.6022122181853
1891,ROW,Ni,0.4070541859895801
1891,ROW,Sn,548.7925944383599
1892,EU27,Zn,0.0
1892,EU27,Ni,0.0
1892,EU27,Sn,0.0
1892,CHN,Zn,51.895250476474835
1892,CHN,Ni,0.0
1892,CHN,Sn,53.25115337643835
1892,ROW,Zn,1575.0668964342817
1892,ROW,Ni,0.41983327762332406
1892,ROW,Sn,568.7865134553857
1893,EU27,Zn,0.0
1893,EU27,Ni,0.0
1893,EU27,Sn,0.0
1893,CHN,Zn,54.40074991403516
1893,CHN,Ni,0.0
1893,CHN,Sn,55.195641342193206
1893,ROW,Zn,1645.7905566085196
1893,ROW,Ni,0.43215538994329145
1893,ROW,Sn,588.1837099293102
1894,EU27,Zn,0.0
1894,EU27,Ni,0.0
1894,EU27,Sn,0.0
1894,CHN,Zn,56.99856802102163
1894,CHN,Ni,0.0
1894,CHN,Sn,57.08794063124535
1894,ROW,Zn,1719.1570367748134
1894,ROW,Ni,0.4440368628781139
1894,ROW,Sn,607.0008900468908
1895,EU27,Zn,0.0
1895,EU27,Ni,0.0
1895,EU27,Sn,0.0
1895,CHN,Zn,59.574759613067435
1895,CHN,Ni,0.0
1895,CHN,Sn,58.92918424332745
1895,ROW,Zn,1791.7169708298472
1895,ROW,Ni,0.4554934528775563
1895,ROW,Sn,625.2544199956411
1896,EU27,Zn,0.0
1896,EU27,Ni,0.0
1896,EU27,Sn,0.0
1896,CHN,Zn,62.238666365235396
1896,CHN,Ni,0.0
1896,CHN,Sn,60.831370031778896
1896,ROW,Zn,1866.7864025766974
1896,ROW,Ni,0.46654035337325644
1896,ROW,Sn,644.1390675871166
1897,EU27,Zn,0.0
1897,EU27,Ni,0.0
1897,EU27,Sn,0.0
1897,CHN,Zn,64.87834541415394
1897,CHN,Ni,0.0
1897,CHN,Sn,62.692316283305104
1897,ROW,Zn,1940.9968295145984
1897,ROW,Ni,0.4771922147025739
1897,ROW,Sn,662.5693716382324
1898,EU27,Zn,0.0
1898,EU27,Ni,0.0
1898,EU27,Sn,0.0
1898,CHN,Zn,67.60158000076325
1898,CHN,Ni,0.0
1898,CHN,Sn,64.61256567691716
1898,ROW,Zn,2017.59701006783
1898,ROW,Ni,0.48746316342096563
1898,ROW,Sn,681.61306369935
1899,EU27,Zn,0.0
1899,EU27,Ni,0.0
1899,EU27,Sn,0.0
1899,CHN,Zn,70.29843935301933
1899,CHN,Ni,0.0
1899,CHN,Sn,66.4909590848691
1899,ROW,Zn,2093.2965350526656
1899,ROW,Ni,0.49736682097612306
1899,ROW,Sn,700.1998726106522
1900,EU27,Zn,0.0
1900,EU27,Ni,0.0
1900,EU27,Sn,0.0
1900,CHN,Zn,73.0750777735931
1900,CHN,Ni,0.0
1900,CHN,Sn,68.42718095540783
1900,ROW,Zn,2171.277564836304
1900,ROW,Ni,0.5069163217414779
1900,ROW,Sn,719.3841695805136
1901,EU27,Zn,0.0
1901,EU27,Ni,0.0
1901,EU27,Sn,0.0
1901,CHN,Zn,75.45987299279376
1901,CHN,Ni,0.0
1901,CHN,Sn,70.32110253743647
1901,ROW,Zn,2237.2051885124797
1901,ROW,Ni,0.5191134970855764
1901,ROW,Sn,738.110463628885
1902,EU27,Zn,0.0
1902,EU27,Ni,0.0
1902,EU27,Sn,0.0
1902,CHN,Zn,77.47881012602265
1902,CHN,Ni,0.0
1902,CHN,Sn,72.27151165334863
1902,ROW,Zn,2291.7648279059695
1902,ROW,Ni,0.5335578443632302
1902,ROW,Sn,757.4198180211105
1903,EU27,Zn,0.0
1903,EU27,Ni,0.0
1903,EU27,Sn,0.0
1903,CHN,Zn,79.44331058197875
1903,CHN,Ni,0.0
1903,CHN,Sn,74.17931648657147
1903,ROW,Zn,2344.2445205625563
1903,ROW,Ni,0.546043756040507
1903,ROW,Sn,776.2711638884282
1904,EU27,Zn,0.0
1904,EU27,Ni,0.0
1904,EU27,Sn,0.0
1904,CHN,Zn,81.0479470260355
1904,CHN,Ni,0.0
1904,CHN,Sn,76.14237763464232
1904,ROW,Zn,2385.205817681735
1904,ROW,Ni,0.5577604800568616
1904,ROW,Sn,795.6923402845894
1905,EU27,Zn,0.0
1905,EU27,Ni,0.0
1905,EU27,Sn,0.0
1905,CHN,Zn,82.56610541301349
1905,CHN,Ni,0.0
1905,CHN,Sn,78.06264573281533
1905,ROW,Zn,2422.937372410345
1905,ROW,Ni,0.5761158834810131
1905,ROW,Sn,814.656382048198
1906,EU27,Zn,0.0
1906,EU27,Ni,0.0
1906,EU27,Sn,0.0
1906,CHN,Zn,84.1447997204908
1906,CHN,Ni,0.0
1906,CHN,Sn,79.76049628502689
1906,ROW,Zn,2461.497308765002
1906,ROW,Ni,0.5980412684134855
1906,ROW,Sn,831.8384145228022
1907,EU27,Zn,0.0
1907,EU27,Ni,0.0
1907,EU27,Sn,0.0
1907,CHN,Zn,85.53080331073477
1907,CHN,Ni,0.0
1907,CHN,Sn,81.77614095133953
1907,ROW,Zn,2493.488891605018
1907,ROW,Ni,0.6217991548892946
1907,ROW,Sn,851.577579783571
1908,EU27,Zn,0.0
1908,EU27,Ni,0.0
1908,EU27,Sn,0.0
1908,CHN,Zn,87.7652311640446
1908,CHN,Ni,0.0
1908,CHN,Sn,83.1242723753999
1908,ROW,Zn,2550.066052954153
1908,ROW,Ni,0.6440809194253747
1908,ROW,Sn,865.8265070822015
1909,EU27,Zn,0.0
1909,EU27,Ni,0.0
1909,EU27,Sn,0.0
1909,CHN,Zn,89.58031840416194
1909,CHN,Ni,0.0
1909,CHN,Sn,84.61627684076308
1909,ROW,Zn,2592.952166261465
1909,ROW,Ni,0.6682159979954321
1909,ROW,Sn,881.0421823442641
1910,EU27,Zn,0.0
1910,EU27,Ni,0.0
1910,EU27,Sn,0.0
1910,CHN,Zn,91.15058005867637
1910,CHN,Ni,0.0
1910,CHN,Sn,86.42460118734449
1910,ROW,Zn,2627.6131237020904
1910,ROW,Ni,0.7015038667572293
1910,ROW,Sn,899.1490727391698
1911,EU27,Zn,0.0
1911,EU27,Ni,0.0
1911,EU27,Sn,0.0
1911,CHN,Zn,92.30733141501639
1911,CHN,Ni,0.0
1911,CHN,Sn,87.76659766309962
1911,ROW,Zn,2648.207688555677
1911,ROW,Ni,0.7417700135933437
1911,ROW,Sn,913.0666170133875
1912,EU27,Zn,0.0
1912,EU27,Ni,0.0
1912,EU27,Sn,0.0
1912,CHN,Zn,92.76515903877974
1912,CHN,Ni,0.0
1912,CHN,Sn,88.81829551981005
1912,ROW,Zn,2646.7655131205074
1912,ROW,Ni,0.7886570374765128
1912,ROW,Sn,924.6796877245154
1913,EU27,Zn,0.0
1913,EU27,Ni,0.0
1913,EU27,Sn,0.0
1913,CHN,Zn,94.68817511491639
1913,CHN,Ni,0.0
1913,CHN,Sn,89.27700360271135
1913,ROW,Zn,2687.809639637774
1913,ROW,Ni,0.8441389129623998
1913,ROW,Sn,930.9925820423755
1914,EU27,Zn,0.0
1914,EU27,Ni,0.0
1914,EU27,Sn,0.0
1914,CHN,Zn,98.73987637588982
1914,CHN,Ni,0.0
1914,CHN,Sn,90.77892239442534
1914,ROW,Zn,2792.2654446670886
1914,ROW,Ni,0.8998463164909507
1914,ROW,Sn,946.2172890797923
1915,EU27,Zn,0.0
1915,EU27,Ni,0.0
1915,EU27,Sn,0.0
1915,CHN,Zn,103.4262202759594
1915,CHN,Ni,0.0
1915,CHN,Sn,92.25686945363083
1915,ROW,Zn,2914.0574312255117
1915,ROW,Ni,0.9675990367006171
1915,ROW,Sn,961.0852935289167
1916,EU27,Zn,0.0
1916,EU27,Ni,0.0
1916,EU27,Sn,0.0
1916,CHN,Zn,105.5127187725889
1916,CHN,Ni,0.0
1916,CHN,Sn,93.91266493448015
1916,ROW,Zn,2957.7275599896275
1916,ROW,Ni,1.0492745837710955
1916,ROW,Sn,977.4911496236339
1917,EU27,Zn,0.0
1917,EU27,Ni,0.0
1917,EU27,Sn,0.0
1917,CHN,Zn,107.71314246124176
1917,CHN,Ni,0.0
1917,CHN,Sn,95.14871639591638
1917,ROW,Zn,3004.0723497700596
1917,ROW,Ni,1.1374970035720624
1917,ROW,Sn,990.2146454239667
1918,EU27,Zn,0.0
1918,EU27,Ni,0.0
1918,EU27,Sn,0.0
1918,CHN,Zn,111.01264459609001
1918,CHN,Ni,0.0
1918,CHN,Sn,96.99005360042197
1918,ROW,Zn,3082.6524524659817
1918,ROW,Ni,1.229457268239491
1918,ROW,Sn,1008.0373706575579
1919,EU27,Zn,0.0
1919,EU27,Ni,0.0
1919,EU27,Sn,0.0
1919,CHN,Zn,116.06709119315965
1919,CHN,Ni,0.0
1919,CHN,Sn,99.06657464376195
1919,ROW,Zn,3213.5264671619207
1919,ROW,Ni,1.2869948427237685
1919,ROW,Sn,1027.8146713294657
1920,EU27,Zn,0.0
1920,EU27,Ni,0.0
1920,EU27,Sn,0.0
1920,CHN,Zn,121.33533429115283
1920,CHN,Ni,0.0
1920,CHN,Sn,100.84238040588014
1920,ROW,Zn,3349.885679930633
1920,ROW,Ni,1.344180448068059
1920,ROW,Sn,1045.0315208075472
1921,EU27,Zn,28.001676972307138
1921,EU27,Ni,0.0
1921,EU27,Sn,0.0
1921,CHN,Zn,128.17823954446615
1921,CHN,Ni,0.0
1921,CHN,Sn,103.52518162932721
1921,ROW,Zn,3535.989536464752
1921,ROW,Ni,1.3643638379776886
1921,ROW,Sn,1069.847639493896
1922,EU27,Zn,0.0
1922,EU27,Ni,0.0
1922,EU27,Sn,0.0
1922,CHN,Zn,131.07640705585914
1922,CHN,Ni,0.0
1922,CHN,Sn,104.94008657414494
1922,ROW,Zn,3601.418142750781
1922,ROW,Ni,1.3676819562095586
1922,ROW,Sn,1084.0648021025806
1923,EU27,Zn,0.0
1923,EU27,Ni,0.0
1923,EU27,Sn,0.0
1923,CHN,Zn,132.12036568053298
1923,CHN,Ni,0.0
1923,CHN,Sn,106.26336294470904
1923,ROW,Zn,3611.5850713358345
1923,ROW,Ni,1.3898519772490403
1923,ROW,Sn,1097.2318367377388
1924,EU27,Zn,0.0
1924,EU27,Ni,0.0
1924,EU27,Sn,0.0
1924,CHN,Zn,132.12907282219481
1924,CHN,Ni,0.0
1924,CHN,Sn,107.19971890043914
1924,ROW,Zn,3592.0835967865
1924,ROW,Ni,1.4270162485832294
1924,ROW,Sn,1107.3203681697958
1925,EU27,Zn,0.0
1925,EU27,Ni,0.0
1925,EU27,Sn,0.0
1925,CHN,Zn,131.72727433190371
1925,CHN,Ni,0.0
1925,CHN,Sn,108.06434292041581
1925,ROW,Zn,3555.671127995445
1925,ROW,Ni,1.4735877880451578
1925,ROW,Sn,1116.4514285216492
1926,EU27,Zn,0.0
1926,EU27,Ni,0.0
1926,EU27,Sn,0.0
1926,CHN,Zn,128.72112787815203
1926,CHN,Ni,0.0
1926,CHN,Sn,109.44644995989319
1926,ROW,Zn,3442.7136114818586
1926,ROW,Ni,1.5195278063433901
1926,ROW,Sn,1130.17099138465
1927,EU27,Zn,0.0
1927,EU27,Ni,0.0
1927,EU27,Sn,0.0
1927,CHN,Zn,128.5873295122547
1927,CHN,Ni,0.0
1927,CHN,Sn,109.97213925817702
1927,ROW,Zn,3410.8062868392976
1927,ROW,Ni,1.56521111506134
1927,ROW,Sn,1136.3263226932013
1928,EU27,Zn,0.0
1928,EU27,Ni,0.0
1928,EU27,Sn,0.0
1928,CHN,Zn,130.05257531190296
1928,CHN,Ni,0.0
1928,CHN,Sn,109.92356909141893
1928,ROW,Zn,3425.8535426754183
1928,ROW,Ni,1.6323628730912336
1928,ROW,Sn,1137.7129408444314
1929,EU27,Zn,0.0
1929,EU27,Ni,0.0
1929,EU27,Sn,0.0
1929,CHN,Zn,133.4346900542911
1929,CHN,Ni,0.0
1929,CHN,Sn,109.4763714518126
1929,ROW,Zn,3493.005078208389
1929,ROW,Ni,1.7175927043926558
1929,ROW,Sn,1135.344573036369
1930,EU27,Zn,5.505663014768402
1930,EU27,Ni,0.0
1930,EU27,Sn,0.0
1930,CHN,Zn,136.91025355640124
1930,CHN,Ni,0.0
1930,CHN,Sn,110.83543000329058
1930,ROW,Zn,3563.9228096669426
1930,ROW,Ni,1.8074191708746017
1930,ROW,Sn,1148.314212977215
1931,EU27,Zn,41.79093134288655
1931,EU27,Ni,0.0
1931,EU27,Sn,0.0
1931,CHN,Zn,145.22693221608796
1931,CHN,Ni,0.0
1931,CHN,Sn,113.88126115779009
1931,ROW,Zn,3777.7216483174498
1931,ROW,Ni,1.8726390799200103
1931,ROW,Sn,1175.3730289587725
1932,EU27,Zn,85.58361138933276
1932,EU27,Ni,0.0
1932,EU27,Sn,0.0
1932,CHN,Zn,154.05140266408063
1932,CHN,Ni,0.0
1932,CHN,Sn,119.40727926640088
1932,ROW,Zn,4007.595372906012
1932,ROW,Ni,1.903891152827533
1932,ROW,Sn,1223.609530788619
1933,EU27,Zn,76.44443939803341
1933,EU27,Ni,0.0
1933,EU27,Sn,0.0
1933,CHN,Zn,158.8846821378845
1933,CHN,Ni,0.0
1933,CHN,Sn,123.76616525183886
1933,ROW,Zn,4116.840924859209
1933,ROW,Ni,1.9523295742619728
1933,ROW,Sn,1262.0535968277864
1934,EU27,Zn,40.81218977381775
1934,EU27,Ni,0.0
1934,EU27,Sn,0.0
1934,CHN,Zn,161.67553078610544
1934,CHN,Ni,0.0
1934,CHN,Sn,125.34773824686117
1934,ROW,Zn,4163.7594727541355
1934,ROW,Ni,2.0443688726374383
1934,ROW,Sn,1277.0099690431248
1935,EU27,Zn,0.0
1935,EU27,Ni,0.0
1935,EU27,Sn,0.0
1935,CHN,Zn,163.4790809685849
1935,CHN,Ni,0.0
1935,CHN,Sn,126.22665693781785
1935,ROW,Zn,4179.677927992216
1935,ROW,Ni,2.1648406361441928
1935,ROW,Sn,1285.8881748673614
1936,EU27,Zn,0.0
1936,EU27,Ni,0.0
1936,EU27,Sn,0.0
1936,CHN,Zn,164.74908042885374
1936,CHN,Ni,0.0
1936,CHN,Sn,125.02221502348225
1936,ROW,Zn,4179.036998657961
1936,ROW,Ni,2.3201211373087745
1936,ROW,Sn,1277.2031319623795
1937,EU27,Zn,0.0
1937,EU27,Ni,0.0
1937,EU27,Sn,0.0
1937,CHN,Zn,164.19188171421894
1937,CHN,Ni,0.0
1937,CHN,Sn,123.1267817156131
1937,ROW,Zn,4127.543678795713
1937,ROW,Ni,2.527815877249602
1937,ROW,Sn,1262.2769980403248
1938,EU27,Zn,0.0
1938,EU27,Ni,0.0
1938,EU27,Sn,0.0
1938,CHN,Zn,166.70061310331965
1938,CHN,Ni,0.0
1938,CHN,Sn,125.40789314371418
1938,ROW,Zn,4161.612594597771
1938,ROW,Ni,2.751058524248614
1938,ROW,Sn,1282.7182979742356
1939,EU27,Zn,0.0
1939,EU27,Ni,0.0
1939,EU27,Sn,0.0
1939,CHN,Zn,168.61592135620586
1939,CHN,Ni,0.0
1939,CHN,Sn,126.58949887617739
1939,ROW,Zn,4176.522086823627
1939,ROW,Ni,2.988148224231342
1939,ROW,Sn,1293.9164522165916
1940,EU27,Zn,0.0
1940,EU27,Ni,0.0
1940,EU27,Sn,0.0
1940,CHN,Zn,171.5258561946747
1940,CHN,Ni,0.0
1940,CHN,Sn,124.33758832252133
1940,ROW,Zn,4220.064625215915
1940,ROW,Ni,3.2535794788720667
1940,ROW,Sn,1275.765344707686
1941,EU27,Zn,0.0
1941,EU27,Ni,0.0
1941,EU27,Sn,0.0
1941,CHN,Zn,173.91882743981242
1941,CHN,Ni,0.0
1941,CHN,Sn,123.2593388510374
1941,ROW,Zn,4242.4958521080525
1941,ROW,Ni,3.5597782493110315
1941,ROW,Sn,1267.2589558964273
1942,EU27,Zn,3.512324696220503
1942,EU27,Ni,0.0
1942,EU27,Sn,0.0
1942,CHN,Zn,175.43414314779625
1942,CHN,Ni,0.0
1942,CHN,Sn,130.03241717905112
1942,ROW,Zn,4242.843629451612
1942,ROW,Ni,3.8754222887287377
1942,ROW,Sn,1325.1296901641879
1943,EU27,Zn,0.0
1943,EU27,Ni,0.0
1943,EU27,Sn,0.0
1943,CHN,Zn,176.48370044607302
1943,CHN,Ni,0.0
1943,CHN,Sn,133.5614255493366
1943,ROW,Zn,4219.249381248409
1943,ROW,Ni,4.203104521247077
1943,ROW,Sn,1356.123929594778
1944,EU27,Zn,9.273402793395121
1944,EU27,Ni,0.0
1944,EU27,Sn,0.0
1944,CHN,Zn,176.61247725490773
1944,CHN,Ni,0.0
1944,CHN,Sn,138.54107072377428
1944,ROW,Zn,4175.973139879685
1944,ROW,Ni,4.51699748076744
1944,ROW,Sn,1398.6411622176786
1945,EU27,Zn,50.41897242967951
1945,EU27,Ni,0.0
1945,EU27,Sn,0.0
1945,CHN,Zn,184.21985887367197
1945,CHN,Ni,0.0
1945,CHN,Sn,143.51632283174695
1945,ROW,Zn,4346.586974906075
1945,ROW,Ni,4.801591510731364
1945,ROW,Sn,1442.1337807026578
1946,EU27,Zn,79.05924864738449
1946,EU27,Ni,0.0
1946,EU27,Sn,0.0
1946,CHN,Zn,190.817462380453
1946,CHN,Ni,0.0
1946,CHN,Sn,146.89515050014248
1946,ROW,Zn,4485.727630420285
1946,ROW,Ni,5.03546955567396
1946,ROW,Sn,1471.328035406044
1947,EU27,Zn,72.8790878479972
1947,EU27,Ni,0.0
1947,EU27,Sn,0.0
1947,CHN,Zn,194.73771112262554
1947,CHN,Ni,0.0
1947,CHN,Sn,148.80996104635148
1947,ROW,Zn,4542.4690814950845
1947,ROW,Ni,5.264046264649454
1947,ROW,Sn,1489.0582015363823
1948,EU27,Zn,59.13047499815934
1948,EU27,Ni,0.0
1948,EU27,Sn,0.0
1948,CHN,Zn,197.9976387028395
1948,CHN,Ni,0.0
1948,CHN,Sn,148.07869717169882
1948,ROW,Zn,4577.554344776428
1948,ROW,Ni,5.501620235252077
1948,ROW,Sn,1483.507011638541
1949,EU27,Zn,49.50560781699278
1949,EU27,Ni,0.0
1949,EU27,Sn,0.0
1949,CHN,Zn,201.46471981245656
1949,CHN,Ni,0.0
1949,CHN,Sn,148.45180972146517
1949,ROW,Zn,4617.1464612042055
1949,ROW,Ni,5.732519193816934
1949,ROW,Sn,1488.0298136261315
1950,EU27,Zn,0.0
1950,EU27,Ni,0.0
1950,EU27,Sn,0.0
1950,CHN,Zn,200.58879693201607
1950,CHN,Ni,0.0
1950,CHN,Sn,148.62584168605278
1950,ROW,Zn,4522.093458379875
1950,ROW,Ni,5.954688593817401
1950,ROW,Sn,1490.0967546652944
1951,EU27,Zn,0.0
1951,EU27,Ni,0.0
1951,EU27,Sn,0.0
1951,CHN,Zn,198.9294450638708
1951,CHN,Ni,0.0
1951,CHN,Sn,149.82134338791067
1951,ROW,Zn,4404.549183894838
1951,ROW,Ni,6.150251458743608
1951,ROW,Sn,1501.483488396237
1952,EU27,Zn,0.0
1952,EU27,Ni,0.0
1952,EU27,Sn,0.0
1952,CHN,Zn,195.51484098318255
1952,CHN,Ni,0.0
1952,CHN,Sn,150.5737612256792
1952,ROW,Zn,4240.095506218023
1952,ROW,Ni,6.348977384883212
1952,ROW,Sn,1508.3816157451563
1953,EU27,Zn,0.0
1953,EU27,Ni,0.0
1953,EU27,Sn,0.0
1953,CHN,Zn,194.758165916335
1953,CHN,Ni,0.0
1953,CHN,Sn,151.10841346740213
1953,ROW,Zn,4142.288501731657
1953,ROW,Ni,6.619530045308887
1953,ROW,Sn,1514.0663064901105
1954,EU27,Zn,6.202539710052406
1954,EU27,Ni,0.0
1954,EU27,Sn,0.0
1954,CHN,Zn,195.57071200938836
1954,CHN,Ni,0.0
1954,CHN,Sn,151.73790817157422
1954,ROW,Zn,4090.2566365260636
1954,ROW,Ni,6.946837969469836
1954,ROW,Sn,1519.738306616406
1955,EU27,Zn,0.0
1955,EU27,Ni,0.0
1955,EU27,Sn,0.0
1955,CHN,Zn,195.74782798519675
1955,CHN,Ni,0.0
1955,CHN,Sn,152.64339084115744
1955,ROW,Zn,4003.4911462372565
1955,ROW,Ni,7.329471600414704
1955,ROW,Sn,1528.433429948966
1956,EU27,Zn,0.0
1956,EU27,Ni,0.0
1956,EU27,Sn,0.0
1956,CHN,Zn,193.5779188545005
1956,CHN,Ni,0.0
1956,CHN,Sn,153.19452013726954
1956,ROW,Zn,3855.689527046058
1956,ROW,Ni,7.761513617331312
1956,ROW,Sn,1533.2638003390136
1957,EU27,Zn,0.0
1957,EU27,Ni,0.0
1957,EU27,Sn,0.0
1957,CHN,Zn,194.08999766890668
1957,CHN,Ni,0.0
1957,CHN,Sn,154.43279825000624
1957,ROW,Zn,3773.630242137381
1957,ROW,Ni,8.249071362617967
1957,ROW,Sn,1544.5963812723492
1958,EU27,Zn,39.74934059695295
1958,EU27,Ni,0.0
1958,EU27,Sn,0.0
1958,CHN,Zn,198.38847778404897
1958,CHN,Ni,0.0
1958,CHN,Sn,158.10509211129738
1958,ROW,Zn,3801.6129148084647
1958,ROW,Ni,8.668159360203568
1958,ROW,Sn,1575.672304880935
1959,EU27,Zn,57.23338293085601
1959,EU27,Ni,0.0
1959,EU27,Sn,0.0
1959,CHN,Zn,202.38404616007307
1959,CHN,Ni,0.0
1959,CHN,Sn,160.958400457324
1959,ROW,Zn,3809.7167790793437
1959,ROW,Ni,9.132213715256666
1959,ROW,Sn,1600.805095908127
1960,EU27,Zn,71.93228538502171
1960,EU27,Ni,0.0
1960,EU27,Sn,0.0
1960,CHN,Zn,205.99055986353045
1960,CHN,Ni,0.0
1960,CHN,Sn,161.7032034842938
1960,ROW,Zn,3801.566880746918
1960,ROW,Ni,9.66034496154201
1960,ROW,Sn,1607.0386166920491
1961,EU27,Zn,35.555576953874606
1961,EU27,Ni,0.0
1961,EU27,Sn,0.0
1961,CHN,Zn,205.5932168621269
1961,CHN,Ni,0.0
1961,CHN,Sn,163.1121411596555
1961,ROW,Zn,3666.575853212411
1961,ROW,Ni,10.269505154519331
1961,ROW,Sn,1619.779068481865
1962,EU27,Zn,22.01107355754516
1962,EU27,Ni,0.0
1962,EU27,Sn,0.0
1962,CHN,Zn,206.67497055717968
1962,CHN,Ni,0.0
1962,CHN,Sn,163.96049665982628
1962,ROW,Zn,3570.535606140449
1962,ROW,Ni,10.903025247066452
1962,ROW,Sn,1626.8022361485896
1963,EU27,Zn,21.135528335123126
1963,EU27,Ni,0.0
1963,EU27,Sn,0.0
1963,CHN,Zn,208.48019283129645
1963,CHN,Ni,0.0
1963,CHN,Sn,165.3888425612809
1963,ROW,Zn,3490.548158000869
1963,ROW,Ni,11.512317978055336
1963,ROW,Sn,1639.5900319599548
1964,EU27,Zn,0.0
1964,EU27,Ni,0.0
1964,EU27,Sn,0.0
1964,CHN,Zn,207.45074163433816
1964,CHN,Ni,0.0
1964,CHN,Sn,166.22089861260918
1964,ROW,Zn,3317.895333173822
1964,ROW,Ni,12.144340172582822
1964,ROW,Sn,1646.3672858751518
1965,EU27,Zn,0.0
1965,EU27,Ni,0.0
1965,EU27,Sn,0.0
1965,CHN,Zn,205.0350875524714
1965,CHN,Ni,0.0
1965,CHN,Sn,167.43843217610433
1965,ROW,Zn,3106.9088244498107
1965,ROW,Ni,12.853345576837008
1965,ROW,Sn,1657.2404106873012
1966,EU27,Zn,0.0
1966,EU27,Ni,0.0
1966,EU27,Sn,0.0
1966,CHN,Zn,202.65469065462293
1966,CHN,Ni,0.0
1966,CHN,Sn,167.88395984344777
1966,ROW,Zn,2899.2638097682097
1966,ROW,Ni,13.570218977820437
1966,ROW,Sn,1660.607176377704
1967,EU27,Zn,0.0
1967,EU27,Ni,0.0
1967,EU27,Sn,0.0
1967,CHN,Zn,200.31034341720527
1967,CHN,Ni,0.0
1967,CHN,Sn,168.83411198267788
1967,ROW,Zn,2663.926962002521
1967,ROW,Ni,14.33110063911883
1967,ROW,Sn,1669.0431327082683
1968,EU27,Zn,24.219842769002298
1968,EU27,Ni,0.0
1968,EU27,Sn,0.0
1968,CHN,Zn,197.17380806411992
1968,CHN,Ni,0.0
1968,CHN,Sn,168.68278852706302
1968,ROW,Zn,2435.6075396927968
1968,ROW,Ni,15.168886335924672
1968,ROW,Sn,1667.1883810239344
1969,EU27,Zn,0.0
1969,EU27,Ni,0.0
1969,EU27,Sn,0.0
1969,CHN,Zn,194.82477477392305
1969,CHN,Ni,0.0
1969,CHN,Sn,169.7795962561205
1969,ROW,Zn,2179.411870685368
1969,ROW,Ni,16.01653323288473
1969,ROW,Sn,1676.6159360243569
1970,EU27,Zn,6.043614724777399
1970,EU27,Ni,0.0
1970,EU27,Sn,0.0
1970,CHN,Zn,193.56669756838707
1970,CHN,Ni,0.0
1970,CHN,Sn,170.34861384523154
1970,ROW,Zn,1961.3986922216104
1970,ROW,Ni,17.054266798769664
1970,ROW,Sn,1680.6937206753632
1971,EU27,Zn,72.2176326525796
1971,EU27,Ni,0.0
1971,EU27,Sn,0.0
1971,CHN,Zn,198.12660685998358
1971,CHN,Ni,0.9686600806535479
1971,CHN,Sn,173.71657038842557
1971,ROW,Zn,1895.7086299127118
1971,ROW,Ni,17.279510380346526
1971,ROW,Sn,1709.127118068571
1972,EU27,Zn,165.4514512949729
1972,EU27,Ni,0.0
1972,EU27,Sn,0.0
1972,CHN,Zn,199.24015471365146
1972,CHN,Ni,1.5069769533656423
1972,CHN,Sn,177.52265654608465
1972,ROW,Zn,1652.204055740866
1972,ROW,Ni,17.096044151309584
1972,ROW,Sn,1720.8634162896285
1973,EU27,Zn,194.49825019548734
1973,EU27,Ni,0.0
1973,EU27,Sn,0.0
1973,CHN,Zn,196.90708538101552
1973,CHN,Ni,1.8126856937000673
1973,CHN,Sn,182.93224993891474
1973,ROW,Zn,1261.110739625672
1973,ROW,Ni,16.714322806592758
1973,ROW,Sn,1732.5395690387754
1974,EU27,Zn,269.9752701297616
1974,EU27,Ni,0.0
1974,EU27,Sn,0.0
1974,CHN,Zn,196.7019254319289
1974,CHN,Ni,1.9917102845476609
1974,CHN,Sn,188.42592764352082
1974,ROW,Zn,872.424872878586
1974,ROW,Ni,16.276304263824915
1974,ROW,Sn,1756.3699868169197
1975,EU27,Zn,542.616311468164
1975,EU27,Ni,0.0
1975,EU27,Sn,0.0
1975,CHN,Zn,205.5390815218174
1975,CHN,Ni,2.093340185509307
1975,CHN,Sn,194.96305505481632
1975,ROW,Zn,848.354489489715
1975,ROW,Ni,15.773613685300058
1975,ROW,Sn,1740.8664692767745
1976,EU27,Zn,791.505801323915
1976,EU27,Ni,0.0
1976,EU27,Sn,0.0
1976,CHN,Zn,209.58213801150575
1976,CHN,Ni,2.146918337291094
1976,CHN,Sn,197.40342583585442
1976,ROW,Zn,436.7106508183151
1976,ROW,Ni,15.24417936871965
1976,ROW,Sn,1736.8923195260309
1977,EU27,Zn,1048.815655217024
1977,EU27,Ni,0.0
1977,EU27,Sn,0.0
1977,CHN,Zn,211.3546279829026
1977,CHN,Ni,0.0
1977,CHN,Sn,194.7920823962862
1977,ROW,Zn,0.0
1977,ROW,Ni,53.519395303091954
1977,ROW,Sn,1725.3648231913444
1978,EU27,Zn,1297.4299659111518
1978,EU27,Ni,0.0
1978,EU27,Sn,0.0
1978,CHN,Zn,211.906561046427
1978,CHN,Ni,0.0
1978,CHN,Sn,195.50122410812023
1978,ROW,Zn,0.0
1978,ROW,Ni,149.4820978835851
1978,ROW,Sn,1745.5207652797346
1979,EU27,Zn,1430.1454866129175
1979,EU27,Ni,0.0
1979,EU27,Sn,0.0
1979,CHN,Zn,199.32943423715233
1979,CHN,Ni,0.0
1979,CHN,Sn,195.69722070540448
1979,ROW,Zn,0.0
1979,ROW,Ni,253.42413979312164
1979,ROW,Sn,1745.1054153922478
1980,EU27,Zn,1648.4213630247332
1980,EU27,Ni,0.0
1980,EU27,Sn,0.0
1980,CHN,Zn,197.4770772336915
1980,CHN,Ni,0.0
1980,CHN,Sn,193.79059168239078
1980,ROW,Zn,0.0
1980,ROW,Ni,276.1382303902968
1980,ROW,Sn,1775.1630288849383
1981,EU27,Zn,1985.3250687495706
1981,EU27,Ni,0.0
1981,EU27,Sn,2.040386099042074
1981,CHN,Zn,195.27991393265032
1981,CHN,Ni,0.0
1981,CHN,Sn,192.83402867834488
1981,ROW,Zn,0.0
1981,ROW,Ni,312.4336433443847
1981,ROW,Sn,1787.6465490641294
1982,EU27,Zn,2278.155267704244
1982,EU27,Ni,0.0
1982,EU27,Sn,0.0
1982,CHN,Zn,90.83194329092026
1982,CHN,Ni,0.0
1982,CHN,Sn,193.1297832998938
1982,ROW,Zn,79.05767027875345
1982,ROW,Ni,389.6023322417467
1982,ROW,Sn,1848.1253029805182
1983,EU27,Zn,2679.756514193181
1983,EU27,Ni,0.0
1983,EU27,Sn,2.6764603598098446
1983,CHN,Zn,0.0
1983,CHN,Ni,0.0
1983,CHN,Sn,192.10244917992296
1983,ROW,Zn,0.0
1983,ROW,Ni,465.05198984804326
1983,ROW,Sn,1864.2613197813218
1984,EU27,Zn,3035.5846469442595
1984,EU27,Ni,0.0
1984,EU27,Sn,0.0
1984,CHN,Zn,0.0
1984,CHN,Ni,0.0
1984,CHN,Sn,191.85583598012656
1984,ROW,Zn,0.0
1984,ROW,Ni,525.4466806881072
1984,ROW,Sn,1879.2597305231172
1985,EU27,Zn,3272.6015271661163
1985,EU27,Ni,0.0
1985,EU27,Sn,0.0
1985,CHN,Zn,0.0
1985,CHN,Ni,0.0
1985,CHN,Sn,193.94471911626007
1985,ROW,Zn,0.0
1985,ROW,Ni,575.1437133390336
1985,ROW,Sn,1896.9631138218688
1986,EU27,Zn,3453.4753172862984
1986,EU27,Ni,0.0
1986,EU27,Sn,0.0
1986,CHN,Zn,0.0
1986,CHN,Ni,0.0
1986,CHN,Sn,198.55751050220022
1986,ROW,Zn,0.0
1986,ROW,Ni,644.4889233156873
1986,ROW,Sn,1912.4126926808517
1987,EU27,Zn,3601.945401282105
1987,EU27,Ni,0.0
1987,EU27,Sn,0.0
1987,CHN,Zn,49.38071779725172
1987,CHN,Ni,0.4134141926334962
1987,CHN,Sn,209.1544382547708
1987,ROW,Zn,0.0
1987,ROW,Ni,697.9654798078444
1987,ROW,Sn,1910.268944554287
1988,EU27,Zn,3791.795125693134
1988,EU27,Ni,0.0
1988,EU27,Sn,0.0
1988,CHN,Zn,9.253316829885051
1988,CHN,Ni,0.0
1988,CHN,Sn,215.63871784656263
1988,ROW,Zn,0.0
1988,ROW,Ni,720.8925381665765
1988,ROW,Sn,1933.604784094621
1989,EU27,Zn,4075.6973073380977
1989,EU27,Ni,0.0
1989,EU27,Sn,0.0
1989,CHN,Zn,18.536725032731567
1989,CHN,Ni,0.0
1989,CHN,Sn,217.94753204884145
1989,ROW,Zn,0.0
1989,ROW,Ni,737.9439518514021
1989,ROW,Sn,1931.9976057608371
1990,EU27,Zn,4187.743421053317
1990,EU27,Ni,0.0
1990,EU27,Sn,0.0
1990,CHN,Zn,39.464735929906766
1990,CHN,Ni,2.5255501382069383
1990,CHN,Sn,223.4131127417313
1990,ROW,Zn,0.0
1990,ROW,Ni,792.9545079140844
1990,ROW,Sn,1960.2617788728303
1991,EU27,Zn,4510.400908566083
1991,EU27,Ni,0.0
1991,EU27,Sn,0.0
1991,CHN,Zn,44.96899658989645
1991,CHN,Ni,3.2892217517697304
1991,CHN,Sn,233.42598887538355
1991,ROW,Zn,19.049917945793823
1991,ROW,Ni,845.6243097298111
1991,ROW,Sn,1944.394434186478
1992,EU27,Zn,5023.45371006506
1992,EU27,Ni,0.0
1992,EU27,Sn,0.0
1992,CHN,Zn,96.54033384717114
1992,CHN,Ni,10.433104824189058
1992,CHN,Sn,252.4636477942408
1992,ROW,Zn,0.0
1992,ROW,Ni,943.979416267646
1992,ROW,Sn,1958.6710565813764
1993,EU27,Zn,5267.613168262524
1993,EU27,Ni,0.0
1993,EU27,Sn,0.0
1993,CHN,Zn,260.3700897954554
1993,CHN,Ni,35.883208778695405
1993,CHN,Sn,267.51021542525405
1993,ROW,Zn,0.0
1993,ROW,Ni,1019.3905765618515
1993,ROW,Sn,1908.9037935699685
1994,EU27,Zn,5290.363274669439
1994,EU27,Ni,0.0
1994,EU27,Sn,0.0
1994,CHN,Zn,414.7512619772188
1994,CHN,Ni,59.395038967130404
1994,CHN,Sn,287.3349443515057
1994,ROW,Zn,0.0
1994,ROW,Ni,1078.793707489866
1994,ROW,Sn,1888.5744623512232
1995,EU27,Zn,5294.94268312651
1995,EU27,Ni,0.0
1995,EU27,Sn,0.0
1995,CHN,Zn,534.5191773850443
1995,CHN,Ni,62.25357787953311
1995,CHN,Sn,301.8223504009712
1995,ROW,Zn,0.0
1995,ROW,Ni,1069.4381880136264
1995,ROW,Sn,1851.589913483631
1996,EU27,Zn,5612.62808870488
1996,EU27,Ni,0.0
1996,EU27,Sn,0.0
1996,CHN,Zn,648.9870337422062
1996,CHN,Ni,64.6099906513773
1996,CHN,Sn,321.3038522763857
1996,ROW,Zn,0.0
1996,ROW,Ni,1155.6247176808401
1996,ROW,Sn,1872.3285914137955
1997,EU27,Zn,5724.220817754814
1997,EU27,Ni,0.0
1997,EU27,Sn,0.0
1997,CHN,Zn,762.4630923674033
1997,CHN,Ni,65.36388385095779
1997,CHN,Sn,330.4513606502493
1997,ROW,Zn,0.0
1997,ROW,Ni,1255.7745822404286
1997,ROW,Sn,1861.7879709557646
1998,EU27,Zn,5687.36316677667
1998,EU27,Ni,0.0
1998,EU27,Sn,0.0
1998,CHN,Zn,867.3170667030317
1998,CHN,Ni,80.12240326894448
1998,CHN,Sn,350.98573672710256
1998,ROW,Zn,0.0
1998,ROW,Ni,1389.968712157106
1998,ROW,Sn,1877.7515929042777
1999,EU27,Zn,5697.579867161812
1999,EU27,Ni,0.0
1999,EU27,Sn,4.464610574111198
1999,CHN,Zn,967.7081555227986
1999,CHN,Ni,101.42467835741519
1999,CHN,Sn,360.918901145055
1999,ROW,Zn,0.0
1999,ROW,Ni,1475.2735182920428
1999,ROW,Sn,1836.9074985703317
2000,EU27,Zn,5561.404834822896
2000,EU27,Ni,0.0
2000,EU27,Sn,0.0
2000,CHN,Zn,1063.5804170300535
2000,CHN,Ni,104.99979054498056
2000,CHN,Sn,383.3925236624748
2000,ROW,Zn,0.0
2000,ROW,Ni,1552.3756586625732
2000,ROW,Sn,1827.02539187742
2001,EU27,Zn,5640.31461654168
2001,EU27,Ni,0.0
2001,EU27,Sn,0.0
2001,CHN,Zn,1156.719781597962
2001,CHN,Ni,74.91772999943004
2001,CHN,Sn,392.1958941202825
2001,ROW,Zn,0.0
2001,ROW,Ni,1670.4164788655692
2001,ROW,Sn,1766.2060758591738
2002,EU27,Zn,5672.120803069763
2002,EU27,Ni,0.0
2002,EU27,Sn,0.0
2002,CHN,Zn,1244.4303284489984
2002,CHN,Ni,48.44618619578608
2002,CHN,Sn,413.36217669526434
2002,ROW,Zn,0.0
2002,ROW,Ni,1843.5811312828537
2002,ROW,Sn,1763.9000154396954
2003,EU27,Zn,5931.463378012253
2003,EU27,Ni,0.0
2003,EU27,Sn,0.0
2003,CHN,Zn,1369.123516924943
2003,CHN,Ni,25.458695996662527
2003,CHN,Sn,429.4295129155213
2003,ROW,Zn,0.0
2003,ROW,Ni,1732.4355424432645
2003,ROW,Sn,1705.5295767075888
2004,EU27,Zn,6036.754973002537
2004,EU27,Ni,2.270985536624835
2004,EU27,Sn,0.0
2004,CHN,Zn,1451.5758130604995
2004,CHN,Ni,3.0560003137197214
2004,CHN,Sn,452.26606140567577
2004,ROW,Zn,0.0
2004,ROW,Ni,1669.345268901766
2004,ROW,Sn,1650.7366612446463
2005,EU27,Zn,6258.706561107891
2005,EU27,Ni,0.0
2005,EU27,Sn,0.0
2005,CHN,Zn,1524.477988591859
2005,CHN,Ni,0.0
2005,CHN,Sn,470.7332279417859
2005,ROW,Zn,0.0
2005,ROW,Ni,1700.266108975953
2005,ROW,Sn,1578.6380176792443
2006,EU27,Zn,6391.906578726157
2006,EU27,Ni,0.0
2006,EU27,Sn,0.0
2006,CHN,Zn,1597.7427646596823
2006,CHN,Ni,0.0
2006,CHN,Sn,495.61784446146635
2006,ROW,Zn,0.0
2006,ROW,Ni,1674.236340049048
2006,ROW,Sn,1540.2562288612412
2007,EU27,Zn,5903.249347330049
2007,EU27,Ni,0.0
2007,EU27,Sn,0.0
2007,CHN,Zn,1693.989375471174
2007,CHN,Ni,0.0
2007,CHN,Sn,519.4020406543449
2007,ROW,Zn,0.0
2007,ROW,Ni,1640.5477145449197
2007,ROW,Sn,1465.9208058006575
2008,EU27,Zn,5627.426802130879
2008,EU27,Ni,0.0
2008,EU27,Sn,0.0
2008,CHN,Zn,1794.340661749634
2008,CHN,Ni,6.203897199859398
2008,CHN,Sn,547.3336746040029
2008,ROW,Zn,0.0
2008,ROW,Ni,1637.0573950308305
2008,ROW,Sn,1430.5385935729792
2009,EU27,Zn,5767.004469604502
2009,EU27,Ni,81.91397131813471
2009,EU27,Sn,15.050579632337367
2009,CHN,Zn,1866.5837797130228
2009,CHN,Ni,10.13879263362145
2009,CHN,Sn,565.3256967143103
2009,ROW,Zn,0.0
2009,ROW,Ni,1662.638284379442
2009,ROW,Sn,1374.100995927854
2010,EU27,Zn,5591.025877456878
2010,EU27,Ni,0.0
2010,EU27,Sn,0.0
2010,CHN,Zn,1935.7878811599148
2010,CHN,Ni,0.0
2010,CHN,Sn,593.9621499944744
2010,ROW,Zn,0.0
2010,ROW,Ni,1710.4799153765907
2010,ROW,Sn,1330.8516651267419
2011,EU27,Zn,5678.901711839391
2011,EU27,Ni,0.0
2011,EU27,Sn,0.0
2011,CHN,Zn,1995.0393286273215
2011,CHN,Ni,0.0
2011,CHN,Sn,620.3234287312652
2011,ROW,Zn,0.0
2011,ROW,Ni,1735.8803692508595
2011,ROW,Sn,1267.655670161652
2012,EU27,Zn,6132.110055057121
2012,EU27,Ni,0.0
2012,EU27,Sn,0.0
2012,CHN,Zn,2060.1998983988283
2012,CHN,Ni,0.0
2012,CHN,Sn,644.6069008580528
2012,ROW,Zn,0.0
2012,ROW,Ni,1691.586920760053
2012,ROW,Sn,1221.1332526369129
2013,EU27,Zn,6598.949009160138
2013,EU27,Ni,0.0
2013,EU27,Sn,0.0
2013,CHN,Zn,2108.4180594150325
2013,CHN,Ni,0.0
2013,CHN,Sn,672.9225260144839
2013,ROW,Zn,0.0
2013,ROW,Ni,1648.6224180927943
2013,ROW,Sn,1185.26551226042
2014,EU27,Zn,6947.392442943056
2014,EU27,Ni,0.0
2014,EU27,Sn,0.0
2014,CHN,Zn,2148.725953973977
2014,CHN,Ni,0.0
2014,CHN,Sn,692.959349023059
2014,ROW,Zn,0.0
2014,ROW,Ni,1624.7485907605903
2014,ROW,Sn,1114.2182296969622
2015,EU27,Zn,7060.455730945563
2015,EU27,Ni,0.0
2015,EU27,Sn,0.0
2015,CHN,Zn,2179.660747086159
2015,CHN,Ni,0.0
2015,CHN,Sn,718.9989052998384
2015,ROW,Zn,0.0
2015,ROW,Ni,1665.8532357695012
2015,ROW,Sn,1081.3915136349665
2016,EU27,Zn,7268.826486125454
2016,EU27,Ni,9.481530564026798
2016,EU27,Sn,0.0
2016,CHN,Zn,2210.2608998321984
2016,CHN,Ni,0.965315497202937
2016,CHN,Sn,740.827383824557
2016,ROW,Zn,0.0
2016,ROW,Ni,1703.0684250861354
2016,ROW,Sn,1027.1650843989569
2017,EU27,Zn,7597.010623870728
2017,EU27,Ni,0.0
2017,EU27,Sn,0.0
2017,CHN,Zn,2241.4960270663505
2017,CHN,Ni,0.0
2017,CHN,Sn,768.7959892981822
2017,ROW,Zn,0.0
2017,ROW,Ni,1725.1657423163654
2017,ROW,Sn,987.1840625380116
2018,EU27,Zn,8209.051335008275
2018,EU27,Ni,0.0
2018,EU27,Sn,0.8766314040584717
2018,CHN,Zn,2308.9072567880025
2018,CHN,Ni,8.729048636740345
2018,CHN,Sn,783.6773238149132
2018,ROW,Zn,0.0
2018,ROW,Ni,1689.0284748334468
2018,ROW,Sn,926.8839969216674
2019,EU27,Zn,8770.500576912431
2019,EU27,Ni,0.0
2019,EU27,Sn,0.0
2019,CHN,Zn,2491.6765638951
2019,CHN,Ni,0.0
2019,CHN,Sn,813.2475994210289
2019,ROW,Zn,0.0
2019,ROW,Ni,1586.9663818314543
2019,ROW,Sn,898.3116797564799
2020,EU27,Zn,11478.178619961936
2020,EU27,Ni,621.3674385057542
2020,EU27,Sn,49.3737572803614
2020,CHN,Zn,2392.7739618429573
2020,CHN,Ni,501.20741062601735
2020,CHN,Sn,815.3511115935299
2020,ROW,Zn,5305.239794065247
2020,ROW,Ni,1900.835326977448
2020,ROW,Sn,1030.7507173664446
2021,EU27,Zn,13456.374865641541
2021,EU27,Ni,1023.5273018898663
2021,EU27,Sn,61.26841973432364
2021,CHN,Zn,2464.4361531016634
2021,CHN,Ni,791.9998641789907
2021,CHN,Sn,823.6865646066152
2021,ROW,Zn,8091.571398512775
2021,ROW,Ni,2119.954804760418
2021,ROW,Sn,1113.757550035739
2022,EU27,Zn,14924.183129255236
2022,EU27,Ni,1326.6680398593371
2022,EU27,Sn,70.55580945147283
2022,CHN,Zn,2502.9576983253214
2022,CHN,Ni,991.3392977985346
2022,CHN,Sn,828.0649199214721
2022,ROW,Zn,9822.641064139932
2022,ROW,Ni,2253.3234201734385
2022,ROW,Sn,1162.0804136894585
2023,EU27,Zn,16107.664882582007
2023,EU27,Ni,1573.206416864233
2023,EU27,Sn,78.33223251196165
2023,CHN,Zn,2524.7364146513974
2023,CHN,Ni,1140.8951103599911
2023,CHN,Sn,830.4543879256738
2023,ROW,Zn,11000.478804731993
2023,ROW,Ni,2342.1362899852684
2023,ROW,Sn,1192.4656911923237
2024,EU27,Zn,17122.07309090691
2024,EU27,Ni,1784.9684897367893
2024,EU27,Sn,85.16388798168106
2024,CHN,Zn,2537.983974209508
2024,CHN,Ni,1261.8367541612135
2024,CHN,Sn,831.839721766966
2024,ROW,Zn,11878.368006695628
2024,ROW,Ni,2407.128955366861
2024,ROW,Sn,1213.3517008740598
2025,EU27,Zn,18027.055548749915
2025,EU27,Ni,1973.4221772820279
2025,EU27,Sn,91.34988826670103
2025,CHN,Zn,2546.817938424675
2025,CHN,Ni,1365.0545729570179
2025,CHN,Sn,832.7138980813446
2025,ROW,Zn,12584.999486917388
2025,ROW,Ni,2458.7947539632437
2025,ROW,Sn,1229.0147444505208
2026,EU27,Zn,18854.276676213547
2026,EU27,Ni,2144.8004962942396
2026,EU27,Sn,97.05403138222376
2026,CHN,Zn,2553.3078642884952
2026,CHN,Ni,1456.272831949455
2026,CHN,Sn,833.3239612590954
2026,ROW,Zn,13186.570726721744
2026,ROW,Ni,2502.4946813351103
2026,ROW,Sn,1241.6431663680185
2027,EU27,Zn,19621.24641495788
2027,EU27,Ni,2302.66932680729
2027,EU27,Sn,102.3709133738033
2027,CHN,Zn,2558.4984387410723
2027,CHN,Ni,1538.6086059085858
2027,CHN,Sn,833.7939491447096
2027,ROW,Zn,13717.855384993323
2027,ROW,Ni,2541.013382599668
2027,ROW,Sn,1252.3752806475507
2028,EU27,Zn,20338.250775510987
2028,EU27,Ni,2449.2167331065853
2028,EU27,Sn,107.35918002154257
2028,CHN,Zn,2562.921119941548
2028,CHN,Ni,1613.8533803935768
2028,CHN,Sn,834.1863591482125
2028,ROW,Zn,14197.755886046816
2028,ROW,Ni,2575.8381060278284
2028,ROW,Sn,1261.8191120157223
2029,EU27,Zn,21011.83151825551
2029,EU27,Ni,2585.902437494232
2029,EU27,Sn,112.05832169534395
2029,CHN,Zn,2566.850025458596
2029,CHN,Ni,1683.1158134148918
2029,CHN,Sn,834.5328842836045
2029,ROW,Zn,14637.095697999159
2029,ROW,Ni,2607.7990446823405
2029,ROW,Sn,1270.312940896854
2030,EU27,Zn,21646.53889290686
2030,EU27,Ni,2713.7868190098684
2030,EU27,Sn,116.4972169897047
2030,CHN,Zn,2570.429937980902
2030,CHN,Ni,1747.1448992258295
2030,CHN,Sn,834.8497839167834
2030,ROW,Zn,15042.529804207894
2030,ROW,Ni,2637.3902883236537
2030,ROW,Sn,1278.0561610208638
2031,EU27,Zn,22245.81956224643
2031,EU27,Ni,2833.6991881028266
2031,EU27,Sn,120.69853112495203
2031,CHN,Zn,2573.740364379147
2031,CHN,Ni,1806.4931714383774
2031,CHN,Sn,835.1455716364641
2031,ROW,Zn,15418.512792974796
2031,ROW,Ni,2664.9310049629084
2031,ROW,Sn,1285.1752160825276
2032,EU27,Zn,22812.470918322735
2032,EU27,Ni,2946.3252698977153
2032,EU27,Sn,124.68102483335231
2032,CHN,Zn,2576.827616518723
2032,CHN,Ni,1861.5997788997156
2032,CHN,Sn,835.4248614751829
2032,ROW,Zn,15768.294433497205
2032,ROW,Ni,2690.646669191929
2032,ROW,Sn,1291.7570090817906
2033,EU27,Zn,23348.877524544594
2033,EU27,Ni,3052.253912702097
2033,EU27,Sn,128.46080393021018
2033,CHN,Zn,2579.720898462609
2033,CHN,Ni,1912.833364514932
2033,CHN,Sn,835.6902931124527
2033,ROW,Zn,16094.427810899939
2033,ROW,Ni,2714.7102525526857
2033,ROW,Sn,1297.8659901517767
2034,EU27,Zn,23857.13766546691
2034,EU27,Ni,3152.0030744120195
2034,EU27,Sn,132.0520266813421
2034,CHN,Zn,2582.4403927842386
2034,CHN,Ni,1960.5147243321026
2034,CHN,Sn,835.9434963929663
2034,ROW,Zn,16399.032680841745
2034,ROW,Ni,2737.263339607143
2034,ROW,Sn,1303.553033544635
2035,EU27,Zn,24339.134097613463
2035,EU27,Ni,3246.035152199722
2035,EU27,Sn,135.46732925112372
2035,CHN,Zn,2585.0013427143012
2035,CHN,Ni,2004.9292466426946
2035,CHN,Sn,836.185575341663
2035,ROW,Zn,16683.93548484176
2035,ROW,Ni,2758.4271569669913
2035,ROW,Sn,1308.860165820288
2036,EU27,Zn,24796.57613921523
2036,EU27,Ni,3334.7667225910277
2036,EU27,Sn,138.71810085899125
2036,CHN,Zn,2587.416128814664
2036,CHN,Ni,2046.334141044937
2036,CHN,Sn,836.4173517805625
2036,ROW,Zn,16950.746846031445
2036,ROW,Ni,2778.308513801787
2036,ROW,Sn,1313.8231820587873
2037,EU27,Zn,25231.02674902101
2037,EU27,Ni,3418.575255817783
2037,EU27,Sn,141.81467573578158
2037,CHN,Zn,2589.6953398273863
2037,CHN,Ni,2084.9629715864085
2037,CHN,Sn,836.6394886125704
2037,ROW,Zn,17200.90704381285
2037,ROW,Ni,2797.00315748756
2037,ROW,Sn,1318.473173517918
2038,EU27,Zn,25643.921491596473
2038,EU27,Ni,3497.804113125779
2038,EU27,Sn,144.76647652420203
2038,CHN,Zn,2591.848337797071
2038,CHN,Ni,2121.0287593438184
2038,CHN,Sn,836.8525528164782
2038,ROW,Zn,17435.71479591149
2038,ROW,Ni,2814.5978001925478
2038,ROW,Sn,1322.8374827791006
2039,EU27,Zn,26036.582902262664
2039,EU27,Ni,3572.766504953126
2039,EU27,Sn,147.58212739063165
2039,CHN,Zn,2593.8835677652496
2039,CHN,Ni,2154.7262946543433
2039,CHN,Sn,837.057048185858
2039,ROW,Zn,17656.34708293908
2039,ROW,Ni,2831.1714478706326
2039,ROW,Sn,1326.9403481491374
2040,EU27,Zn,26410.23206567214
2040,EU27,Ni,3643.7487697270085
2040,EU27,Sn,150.26954679506673
2040,CHN,Zn,2595.8087374133106
2040,CHN,Ni,2186.2339859474496
2040,CHN,Sn,837.2534328378532
2040,ROW,Zn,17863.873946413252
2040,ROW,Ni,2846.7963506161605
2040,ROW,Sn,1330.803371441576
2041,EU27,Zn,26765.99836620129
2041,EU27,Ni,3711.013171492102
2041,EU27,Sn,152.83602559260598
2041,CHN,Zn,2597.6309295489727
2041,CHN,Ni,2215.715414864033
2041,CHN,Sn,837.4421290136626
2041,ROW,Zn,18059.270282414236
2041,ROW,Ni,2861.5387367568424
2041,ROW,Sn,1334.445879002629
2042,EU27,Zn,27104.92793487432
2042,EU27,Ni,3774.8003316583327
2042,EU27,Sn,155.2882939059086
2042,CHN,Zn,2599.3566790720015
2042,CHN,Ni,2243.3206881475426
2042,CHN,Sn,837.6235289396357
2042,ROW,Zn,18243.425692704815
2042,ROW,Ni,2875.4594144863827
2042,ROW,Sn,1337.8852133398384
2043,EU27,Zn,27427.99109586258
2043,EU27,Ni,3835.331366792275
2043,EU27,Sn,157.6325790075324
2043,CHN,Zn,2600.9920304083435
2043,CHN,Ni,2269.1876366724077
2043,CHN,Sn,837.79799864075
2043,ROW,Zn,18417.152969628758
2043,ROW,Ni,2888.6142852929656
2043,ROW,Sn,1341.1369761323842
2044,EU27,Zn,27736.08900037167
2044,EU27,Ni,3892.8097810208114
2044,EU27,Sn,159.87465577900872
2044,CHN,Zn,2602.5425835632414
2044,CHN,Ni,2293.44289144508
2044,CHN,Sn,837.9658806590223
2044,ROW,Zn,18581.195543580903
2044,ROW,Ni,2901.054793434788
2044,ROW,Sn,1344.2152348307332
2045,EU27,Zn,28030.059574201325
2045,EU27,Ni,3947.42314846321
2045,EU27,Sn,162.01989091579324
2045,CHN,Zn,2604.013533010624
2045,CHN,Ni,2316.202855721141
2045,CHN,Sn,838.1274961592092
2045,ROW,Zn,18736.23409382127
2045,ROW,Ni,2912.8283255023275
2045,ROW,Sn,1347.1327005244289
2046,EU27,Zn,28310.682871018
2046,EU27,Ni,3999.3446132323206
2046,EU27,Sn,164.0732817953406
2046,CHN,Zn,2605.4097016567393
2046,CHN,Ni,2337.574586648577
2046,CHN,Sn,838.2831466685215
2046,ROW,Zn,18882.89245558779
2046,ROW,Ni,2923.9785688130905
2046,ROW,Sn,1349.9008822821281
2047,EU27,Zn,28578.685903158195
2047,EU27,Ni,4048.7342294629566
2047,EU27,Sn,166.03949075400962
2047,CHN,Zn,2606.7355711147693
2047,CHN,Ni,2357.6565966290163
2047,CHN,Sn,838.4331155787736
2047,ROW,Zn,19021.742919149696
2047,ROW,Ni,2934.545834568159
2047,ROW,Sn,1352.5302217488652
2048,EU27,Zn,28834.74700890987
2048,EU27,Ni,4095.740160275106
2048,EU27,Sn,167.92287539352188
2048,CHN,Zn,2607.9953090160557
2048,CHN,Ni,2376.539582660365
2048,CHN,Sn,838.5776694797923
2048,ROW,Zn,19153.310994744454
2048,ROW,Ni,2944.5673501390597
2048,ROW,Sn,1355.0302109188244
2049,EU27,Zn,29079.49980632663
2049,EU27,Ni,4140.499751914814
2049,EU27,Sn,169.72751544147135
2049,CHN,Zn,2609.1927938184413
2049,CHN,Ni,2394.3070906703783
2049,CHN,Sn,838.7170593627114
2049,ROW,Zn,19278.079703770487
2049,ROW,Ni,2954.0775239356353
2049,ROW,Sn,1357.409495432618
2050,EU27,Zn,29313.5367769936
2050,EU27,Ni,4183.1404971988
2050,EU27,Sn,171.45723661324405
2050,CHN,Zn,2610.3316374309634
2050,CHN,Ni,2411.0361209607
2050,CHN,Sn,838.8515217163078
2050,ROW,Zn,19396.49344738926
2050,ROW,Ni,2963.1081857229124
2050,ROW,Sn,1359.6759653458587
2051,EU27,Zn,29537.412517896
2051,EU27,Ni,4223.780900638698
2051,EU27,Sn,173.11563185915102
2051,CHN,Zn,2611.4152058955983
2051,CHN,Ni,2426.7976801971136
2051,CHN,Sn,838.9812795314671
2051,ROW,Zn,19508.961496904438
2051,ROW,Ni,2971.6888048520855
2051,ROW,Sn,1361.8368350129551
2052,EU27,Zn,29751.646695169133
2052,EU27,Ni,4262.531256135466
2052,EU27,Sn,174.70608032728734
2052,CHN,Zn,2612.44663832027
2052,CHN,Ni,2441.6572848230553
2052,CHN,Sn,839.1065432245254
2052,ROW,Zn,19615.861144945728
2052,ROW,Ni,2979.8466885688536
2052,ROW,Sn,1363.8987134905774
2053,EU27,Zn,29956.726729773414
2053,EU27,Ni,4299.49434685342
2053,EU27,Sn,176.2317643274525
2053,CHN,Zn,2613.428864227543
2053,CHN,Ni,2455.6754202972184
2053,CHN,Sn,839.227511487788
2053,ROW,Zn,19717.540552072995
2053,ROW,Ni,2987.6071623208672
2053,ROW,Sn,1365.8676666692345
2054,EU27,Zn,30153.110241889153
2054,EU27,Ni,4334.766075767539
2054,EU27,Sn,177.69568454291192
2054,CHN,Zn,2614.364619462559
2054,CHN,Ni,2468.907960139235
2054,CHN,Sn,839.3443720740446
2054,ROW,Zn,19814.32131965115
2054,ROW,Ni,2994.993733783738
2054,ROW,Sn,1367.7492721773758
2055,EU27,Zn,30341.227277969694
2055,EU27,Ni,4368.436034400297
2055,EU27,Sn,179.10067370373383
2055,CHN,Zn,2615.2564607879044
2055,CHN,Ni,2481.4065483966765
2055,CHN,Sn,839.4573025209345
2055,ROW,Zn,19906.500816568583
2055,ROW,Ni,3002.0282421503744
2055,ROW,Sn,1369.5486679631883
2056,EU27,Zn,30521.4823418647
2056,EU27,Ni,4400.588016405107
2056,EU27,Sn,180.44940890704353
2056,CHN,Zn,2616.1067792802314
2056,CHN,Ni,2493.218948813824
2056,CHN,Sn,839.5664708203177
2056,ROW,Zn,19994.35428448406
2056,ROW,Ni,3008.730994074787
2056,ROW,Sn,1371.270595340058
2057,EU27,Zn,30694.256249181573
2057,EU27,Ni,4431.300481896646
2057,EU27,Sn,181.7444227450939
2057,CHN,Zn,2616.9178126325032
2057,CHN,Ni,2504.389363682404
2057,CHN,Sn,839.6720360372688
2057,ROW,Zn,20078.136743724765
2057,ROW,Ni,3015.12088752496
2057,ROW,Sn,1372.9194371790625
2058,EU27,Zn,30859.90782205621
2058,EU27,Ni,4460.646977760804
2058,EU27,Sn,182.9881133809883
2058,CHN,Zn,2617.691656456186
2058,CHN,Ni,2514.9587250827367
2058,CHN,Sn,839.7741488828639
2058,ROW,Zn,20158.084719675804
2058,ROW,Ni,3021.2155246772113
2058,ROW,Sn,1374.4992518432712
2059,EU27,Zn,31018.77543972453
2059,EU27,Ni,4488.696518587698
2059,EU27,Sn,184.18275369371912
2059,CHN,Zn,2618.430274669178
2059,CHN,Ni,2524.9649609774497
2059,CHN,Sn,839.8729522445527
2059,ROW,Zn,20234.41780746337
2059,ROW,Ni,3027.031314874811
2059,ROW,Sn,1376.013803381977
2060,EU27,Zn,31171.1784586989
2060,EU27,Ni,4515.513932350594
2060,EU27,Sn,185.33049959849842
2060,CHN,Zn,2619.1355090476222
2060,CHN,Ni,2534.4432383964054
2060,CHN,Sn,839.9685816775662
2060,ROW,Zn,20307.340090911377
2060,ROW,Ni,3032.58356857497
2060,ROW,Sn,1377.46658843656
2061,EU27,Zn,31317.41851493657
2061,EU27,Ni,4541.160174493464
2061,EU27,Sn,186.43339763480068
2061,CHN,Zn,2619.809088012834
2061,CHN,Ni,2543.4261857486053
2061,CHN,Sn,840.0611658605134
2061,ROW,Zn,20377.041430120342
2061,ROW,Ni,3037.8865831194553
2061,ROW,Sn,1378.8608602520885
2062,EU27,Zn,31457.78071912176
2062,EU27,Ni,4565.692613683065
2062,EU27,Sn,187.49339190282038
2062,CHN,Zn,2620.4526347182823
2062,CHN,Ni,2551.9440961125806
2062,CHN,Sn,840.1508270180464
2062,ROW,Zn,20443.69863055672
2062,ROW,Ni,3042.9537210839985
2062,ROW,Sn,1380.1996501387505
2063,EU27,Zn,31592.534755052573
2063,EU27,Ni,4589.165292121486
2063,EU27,Sn,188.5123304189059
2063,CHN,Zn,2621.067674495875
2063,CHN,Ni,2560.025113189409
2063,CHN,Sn,840.237681313229
2063,ROW,Zn,20507.476505232444
2063,ROW,Ni,3047.797481889422
2063,ROW,Sn,1381.4857866837942
2064,EU27,Zn,31721.935890113175
2064,EU27,Ni,4611.629162996629
2064,EU27,Sn,189.49197095175222
2064,CHN,Zn,2621.655641715599
2064,CHN,Ni,2567.6954014504445
2064,CHN,Sn,840.3218392120174
2064,ROW,Zn,20568.528840381874
2064,ROW,Ni,3052.4295672922644
2064,ROW,Sn,1382.7219129769069
2065,EU27,Zn,31846.2259059083
2065,EU27,Ni,4633.1323073660815
2065,EU27,Sn,190.43398639352708
2065,CHN,Zn,2622.217886107845
2065,CHN,Ni,2574.979301873699
2065,CHN,Sn,840.4034058220589
2065,ROW,Zn,20626.999273992227
2065,ROW,Ni,3056.8609413138697
2065,ROW,Sn,1383.9105020791449
2066,EU27,Zn,31965.633956328737
2066,EU27,Ni,4653.720132520095
2066,EU27,Sn,191.33996971350626
2066,CHN,Zn,2622.75567859345
2066,CHN,Ni,2581.89947453726
2066,CHN,Sn,840.4824812078299
2066,ROW,Zn,20683.022095601253
2066,ROW,Ni,3061.1018851138497
2066,ROW,Sn,1385.0538709369766
2067,EU27,Zn,32080.377359593153
2067,EU27,Ni,4673.435553648062
2067,EU27,Sn,192.21143853606762
2067,CHN,Zn,2623.270216662557
2067,CHN,Ni,2588.4770292240573
2067,CHN,Sn,840.5591606839615
2067,ROW,Zn,20736.722974930675
2067,ROW,Ni,3065.162047265905
2067,ROW,Sn,1386.1541929181365
2068,EU27,Zn,32190.662330164196
2068,EU27,Ni,4692.319160436703
2068,EU27,Sn,193.04983937991665
2068,CHN,Zn,2623.762629339841
2068,CHN,Ni,2594.731645088581
2068,CHN,Sn,840.6335350884494
2068,ROW,Zn,20788.219626165872
2068,ROW,Ni,3069.050489850741
2068,ROW,Sn,1387.2135091243392
2069,EU27,Zn,32296.684655856803
2069,EU27,Ni,4710.409370054198
2069,EU27,Sn,193.85655159108907
2069,CHN,Zn,2624.233981770386
2069,CHN,Ni,2600.6816803419188
2069,CHN,Sn,840.7056910373007
2069,ROW,Zn,20837.622414011996
2069,ROW,Ni,3072.7757307417346
2069,ROW,Sn,1388.2337386170268
2070,EU27,Zn,32398.630324937076
2070,EU27,Ni,4727.742567820062
2070,EU27,Sn,194.6328909985087
2070,CHN,Zn,2624.685279457524
2070,CHN,Ni,2606.344272825792
2070,CHN,Sn,840.775711162043
2070,ROW,Zn,20885.034907046334
2070,ROW,Ni,3076.345782423729
2070,ROW,Sn,1389.2166876758574
2071,EU27,Zn,32496.67610754432
2071,EU27,Ni,4744.353236723554
2071,EU27,Sn,195.38011331759526
2071,CHN,Zn,2625.1174721812704
2071,CHN,Ni,2611.7354322683823
2071,CHN,Sn,840.8436743314031
2071,ROW,Zn,20930.5543833387
2071,ROW,Ni,3079.7681876534357
2071,ROW,Sn,1390.1640581952822
2072,EU27,Zn,32590.990095351157
2072,EU27,Ni,4760.274076831624
2072,EU27,Sn,196.09941732455138
2072,CHN,Zn,2625.5314576234996
2072,CHN,Ni,2616.8701249439296
2072,CHN,Sn,840.9096558583533
2072,ROW,Zn,20974.272292819678
2072,ROW,Ni,3083.050052241124
2072,ROW,Sn,1391.0774553120016
2073,EU27,Zn,32681.73220300175
2073,EU27,Ni,4775.53611551922
2073,EU27,Sn,196.79194782145572
2073,CHN,Zn,2625.9280847237737
2073,CHN,Ni,2621.7623513936783
2073,CHN,Sn,840.9737276936253
2073,ROW,Zn,21016.27468043469
2073,ROW,Ni,3086.198075207222
2073,ROW,Sn,1391.958394345131
2074,EU27,Zn,32769.0546345319
2074,EU27,Ni,4790.1688093585735
2074,EU27,Sn,197.4587984100988
2074,CHN,Zn,2626.308156787687
2074,CHN,Ni,2626.425217807199
2074,CHN,Sn,841.0359586067049
2074,ROW,Zn,21056.64257372482
2074,ROW,Ni,3089.2185765439203
2074,ROW,Sn,1392.8083071213096
2075,EU27,Zn,32853.10231767248
2075,EU27,Ni,4804.200138418458
2075,EU27,Sn,198.1010140905806
2075,CHN,Zn,2626.672434367717
2075,CHN,Ni,2630.8710016098526
2075,CHN,Sn,841.0964143552322
2075,ROW,Zn,21095.452338118794
2075,ROW,Ni,3092.1175227905783
2075,ROW,Sn,1393.6285477485885
2076,EU27,Zn,32934.0133086661
2076,EU27,Ni,4817.656693648232
2076,EU27,Sn,198.71959369900634
2076,CHN,Zn,2627.0216379348735
2076,CHN,Ni,2635.111211753724
2076,CHN,Sn,841.1551578436637
2076,ROW,Zn,21132.776002899845
2076,ROW,Ni,3094.9005506124745
2076,ROW,Sn,1394.4203978955795
2077,EU27,Zn,33011.91916998296
2077,EU27,Ni,4830.563757953556
2077,EU27,Sn,199.31549219713864
2077,CHN,Zn,2627.3564503578814
2077,CHN,Ni,2639.15664416529
2077,CHN,Sn,841.2122492719772
2077,ROW,Zn,21168.681560523048
2077,ROW,Ni,3097.572988555032
2077,ROW,Sn,1395.1850716258969
2078,EU27,Zn,33086.94532310194
2078,EU27,Ni,4842.945381510159
2078,EU27,Sn,199.88962282556386
2078,CHN,Zn,2627.677519205213
2078,CHN,Ni,2643.0174327629957
2078,CHN,Sn,841.2677462751435
2078,ROW,Zn,21203.23324169943
2078,ROW,Ni,3100.139877129881
2078,ROW,Sn,1395.9237198322592
2079,EU27,Zn,33159.21137832549
2079,EU27,Ni,4854.8244518080555
2079,EU27,Sn,200.44285913078357
2079,CHN,Zn,2627.9854588839967
2079,CHN,Ni,2646.7030964214437
2079,CHN,Sn,841.3217040540274
2079,ROW,Zn,21236.491768430125
2079,ROW,Ni,3102.6059873748595
2079,ROW,Sn,1396.6374343096543
2080,EU27,Zn,33228.8314434186
2080,EU27,Ni,4866.222758870397
2080,EU27,Sn,200.97603687563105
2080,CHN,Zn,2628.280852628645
2080,CHN,Ni,2650.2225822257046
2080,CHN,Sn,841.3741754983278
2080,ROW,Zn,21268.514586963975
2080,ROW,Ni,3104.9758380171465
2080,ROW,Sn,1397.3272515025928
2081,EU27,Zn,33295.914412701895
2081,EU27,Ni,4877.161056048098
2081,EU27,Sn,201.48995584151672
2081,CHN,Zn,2628.56425435096
2081,CHN,Ni,2653.58430532906
2081,CHN,Sn,841.4252113021214
2081,ROW,Zn,21299.356082463135
2081,ROW,Ni,3107.253711357005
2081,ROW,Sn,1397.9941559576325
2082,EU27,Zn,33360.56423808378
2082,EU27,Ni,4887.659116752883
2082,EU27,Sn,201.98538153021443
2082,CHN,Zn,2628.8361903625087
2082,CHN,Ni,2656.796185699985
2082,CHN,Sn,841.4748600725276
2082,ROW,Zn,21329.067776991287
2082,ROW,Ni,3109.443667979052
2082,ROW,Sn,1398.6390835089683
2083,EU27,Zn,33422.8801833864
2083,EU27,Ni,4897.735787456975
2083,EU27,Sn,202.4630467721959
2083,CHN,Zn,2629.0971609791404
2083,CHN,Ni,2659.8656820191636
2083,CHN,Sn,841.523168431971
2083,ROW,Zn,21357.69851228584
2083,ROW,Ni,3111.5495603883437
2083,ROW,Sn,1399.2629242218945
2084,EU27,Zn,33482.95706320171
2084,EU27,Ni,4907.409037256784
2084,EU27,Sn,202.92365324789546
2084,CHN,Zn,2629.347642016711
2084,CHN,Ni,2662.799822964534
2084,CHN,Sn,841.5701811144851
2084,ROW,Zn,21385.29461863761
2084,ROW,Ni,3113.5750456598957
2084,ROW,Sn,1399.866525116309
2085,EU27,Zn,33540.8854674079
2085,EU27,Ni,4916.696004270348
2085,EU27,Sn,203.36787292772905
2085,CHN,Zn,2629.5880861863257
2085,CHN,Ni,2665.605236101623
2085,CHN,Sn,841.6159410564605
2085,ROW,Zn,21411.900071077074
2085,ROW,Ni,3115.5235971823445
2085,ROW,Sn,1400.4506926901006
2086,EU27,Zn,33596.75197237937
2086,EU27,Ni,4925.613039113478
2086,EU27,Sn,203.79634943619362
2086,CHN,Zn,2629.818924396728
2086,CHN,Ni,2668.288174577529
2086,CHN,Sn,841.6604894822165
2086,ROW,Zn,21437.556633954206
2086,ROW,Ni,3117.3985155693344
2086,ROW,Sn,1401.0161952601975
2087,EU27,Zn,33650.63933983692
2087,EU27,Ni,4934.175745677323
2087,EU27,Sn,204.20969934492786
2087,CHN,Zn,2630.040566970829
2087,CHN,Ni,2670.8545417997107
2087,CHN,Sn,841.7038659847391
2087,ROW,Zn,21462.30399489779
2087,ROW,Ni,3119.202938805707
2087,ROW,Sn,1401.563765137233
2088,EU27,Zn,33702.626704205155
2088,EU27,Ni,4942.399019410044
2088,EU27,Sn,204.60851339921564
2088,CHN,Zn,2630.2534047828094
2088,CHN,Ni,2673.309914265061
2088,CHN,Sn,841.74610860191
2088,ROW,Zn,21486.17988904889
2088,ROW,Ni,3120.939851689699
2088,ROW,Sn,1402.0941006481662
2089,EU27,Zn,33752.78974927288
2089,EU27,Ni,4950.297083287372
2089,EU27,Sn,204.99335768205495
2089,CHN,Zn,2630.4578103217013
2089,CHN,Ni,2675.6595626904605
2089,CHN,Sn,841.7872538885192
2089,ROW,Zn,21509.22021438083
2089,ROW,Ni,3122.612094627004
2089,ROW,Sn,1402.607868019755
2090,EU27,Zn,33801.20087488717
2090,EU27,Ni,4957.883521640559
2090,EU27,Sn,205.364774719592
2090,CHN,Zn,2630.654138686868
2090,CHN,Ni,2677.908471583003
2090,CHN,Sn,841.8273369843381
2090,ROW,Zn,21531.45913884365
2090,ROW,Ni,3124.2223718277137
2090,ROW,Sn,1403.105703134512
2091,EU27,Zn,33847.92935435275
2091,EU27,Ni,4965.17131199573
2091,EU27,Sn,205.7232845314294
2091,CHN,Zn,2630.8427285203734
2091,CHN,Ni,2680.061357376211
2091,CHN,Sn,841.866391678506
2091,ROW,Zn,21552.92920000391
2091,ROW,Ni,3125.7732589527386
2091,ROW,Sn,1403.5882131696283
2092,EU27,Zn,33893.04148315491
2092,EU27,Ni,4972.172855065427
2092,EU27,Sn,206.06938562905367
2092,CHN,Zn,2631.023902880832
2092,CHN,Ni,2682.12268524776
2092,CHN,Sn,841.9044504704651
2092,ROW,Zn,21573.661397790045
2092,ROW,Ni,3127.2672102523143
2092,ROW,Sn,1404.055978128347
2093,EU27,Zn,33936.60071957512
2093,EU27,Ni,4978.900003021293
2093,EU27,Sn,206.4035559653886
2093,CHN,Zn,2631.197970062953
2093,CHN,Ni,2684.0966847243726
2093,CHN,Sn,841.9415446276621
2093,ROW,Zn,21593.685280898546
2093,ROW,Ni,3128.7065652355577
2093,ROW,Sn,1404.509552272364
2094,EU27,Zn,33978.66781772456
2094,EU27,Ni,4985.364086166121
2094,EU27,Sn,206.72625383826554
2094,CHN,Zn,2631.365224366671
2094,CHN,Ni,2685.9873641705576
2094,CHN,Sn,841.9777042402186
2094,ROW,Zn,21613.029027366712
2094,ROW,Ni,3130.093554906732
2094,ROW,Sn,1404.949465463025
2095,EU27,Zn,34019.30095348007
2095,EU27,Ni,4991.575938113749
2095,EU27,Sn,207.03791875040363
2095,CHN,Zn,2631.5259468194363
2095,CHN,Ni,2687.7985242496648
2095,CHN,Sn,842.0129582727586
2095,ROW,Zn,21631.71951977281
2095,ROW,Ni,3131.4303076008723
2095,ROW,Sn,1405.3762244183742
2096,EU27,Zn,34058.55584377025
2096,EU27,Ni,4997.545919576527
2096,EU27,Sn,207.33897222831447
2096,CHN,Zn,2631.6804058549624
2096,CHN,Ni,2689.533770438269
2096,CHN,Sn,842.0473346135659
2096,ROW,Zn,21649.78241548383
2096,ROW,Ni,3132.718854448678
2096,ROW,Sn,1405.7903138924626
2097,EU27,Zn,34096.48585962589
2097,EU27,Ni,5003.283940852084
2097,EU27,Sn,207.62981860238142
2097,CHN,Zn,2631.8288579514733
2097,CHN,Ni,2691.196524668059
2097,CHN,Sn,842.0808601212348
2097,ROW,Zn,21667.24221233427
2097,ROW,Ni,3133.961134498102
2097,ROW,Sn,1406.1921977827417
2098,EU27,Zn,34133.14213337823
2098,EU27,Ni,5008.799483093906
2098,EU27,Sn,207.91084575021435
2098,CHN,Zn,2631.971548232245
2098,CHN,Ni,2692.79003616319
2098,CHN,Sn,842.1135606689633
2098,ROW,Zn,21684.122310086
2098,ROW,Ni,3135.15899951778
2098,ROW,Sn,1406.5823201708615
2099,EU27,Zn,34168.57366036019
2099,EU27,Ni,5014.101618443651
2099,EU27,Sn,208.18242580524262
2099,CHN,Zn,2632.1087110310355
2099,CHN,Ni,2694.3173915353873
2099,CHN,Sn,842.1454611866303
2099,ROW,Zn,21700.445067989123
2099,ROW,Ni,3136.314218505387
2099,ROW,Sn,1406.9611063017123
2100,EU27,Zn,34202.82739544051
2100,EU27,Ni,5019.19902909715
2100,EU27,Sn,208.4449158323837
2100,CHN,Zn,2632.240570424784
2100,CHN,Ni,2695.7815241938806
2100,CHN,Sn,842.176585700786
2100,ROW,Zn,21716.231858736213
2100,ROW,Ni,3137.4284819221225
2100,ROW,Sn,1407.3289635051412
